functions;count;function_clean;category;subcategory
garaż;216;garaż;garaże;
restauracja;114;restauracja;gastronomia;
mieszkaniowa wielorodzinna;79;mieszkaniowa wielorodzinna;mieszkaniowa;
nieużytek;55;pustostan;brak funkcji;
biurowa;33;biurowa;biura;
żabka;33;sklep spożywczy;handel;
fryzjer;31;fryzjer;usługi;
kawiarnia;27;kawiarnia;gastronomia;
centrum medyczne;26;centrum medyczne;zdrowie;
handel ubrania;26;handlowa ubrania;handel;
bank;26;bank;finanse;
bar;22;bar;gastronomia;
mieszkaniowa jednorodzinna;22;mieszkaniowa jednorodzinna;mieszkaniowa;
pustka;20;brak parteru;brak funkcji;
cukiernia;19;cukiernia;handel;
piekarnia;19;piekarnia;handel;
techniczne;18;techniczna;przemysł i infrastruktura;
techniczna;16;techniczna;przemysł i infrastruktura;
apteka;15;apteka;handel;
magazynowa;12;magazynowa;przemysł i infrastruktura;
kebab;12;kebab;gastronomia;
centrum handlowe;11;centrum handlowe;handel;
targ;10;targ;handel;
dentysta;10;stomatolog;zdrowie;
handlowa ubrania;10;handlowa ubrania;handel;
pub;10;pub;gastronomia;
portowa;9;portowa;przemysł i infrastruktura;
klub muzyczny;9;klub muzyczny;kultura i rozrywka;
usługi medyczne;9;usługi zdrowie;zdrowie;
lombard;9;lombard;finanse;
usługowa zdrowie;9;usługi zdrowie;zdrowie;
kantor;9;kantor;finanse;
hurtownia;7;hurtownia;handel;
administracyjna;7;administracja;organizacje publiczne;
usługowa;7;usługowa;usługi;
dworzec kolejowy;7;dworzec kolejowy;transport;
delikatesy;7;delikatesy;handel;
lodziarnia;7;lodziarnia;gastronomia;
handel meble;7;handlowa meble;handel;
hotel;6;hotel;noclegi;
lumpeks;6;lumpeks;handel;
szpital;6;szpital;zdrowie;
księgarnia;6;księgarnia;handel;
przychodnia;6;przychodnia;zdrowie;
jubiler;6;jubiler;handel;
optyk;6;optyk;handel;
sklep monopolowy;5;sklep monopolowy;handel;
usługi techniczne;5;usługi techniczne;usługi;
handlowa;5;handlowa;handel;
usługi zdrowie;5;usługi zdrowie;zdrowie;
kiosk;5;kiosk;handel;
przedszkole;5;przedszkole;organizacje publiczne;
straż pożarna;5;straż pożarna;organizacje publiczne;
galeria sztuki;5;galeria sztuki;kultura i rozrywka;
usługi uroda;5;usługi uroda;usługi;
usługi transport;4;usługi transport;usługi;
sąd;4;sąd;organizacje publiczne;
sklep spożywczy;4;sklep spożywczy;handel;
administracja;4;administracja;organizacje publiczne;
hostel;4;hostel;noclegi;
usługowa krawiec;4;usługi krawiec;usługi;
drogeria;4;drogeria;handel;
usługowa medyczna;4;usługi zdrowie;zdrowie;
pizzeria;4;pizzeria;gastronomia;
handel pamiątki;4;handlowa pamiątki;handel;
kwiaciarnia;4;kwiaciarnia;handel;
szkoła żeglarska;4;szkoła żeglarska;kultura i rozrywka;
usługi nieruchomości;4;usługi nieruchomości;usługi;
kosmetyczka;4;kosmetyczka;usługi;
handel odzież;4;handlowa ubrania;handel;
handel zdrowie;4;handlowa medyczna;handel;
szkoła podstawowa;3;szkoła podstawowa;organizacje publiczne;
warsztat samochodowy;3;warsztat samochodowy;usługi;
stomatolog;3;stomatolog;zdrowie;
biblioteka;3;biblioteka;organizacje publiczne;
handlowa zdrowie;3;handlowa medyczna;handel;
rossman;3;drogeria;handel;
barber;3;barber;usługi;
wojskowa;3;wojskowa;organizacje publiczne;
handel;3;handlowa;handel;
handlowa odzież;3;handlowa ubrania;handel;
urząd miasta;3;urząd miasta;organizacje publiczne;
kościół;3;kościół;kult religijny;
biedronka;3;sklep spożywczy;handel;
handel medyczny;3;handlowa medyczna;handel;
laboratorium medyczne;3;laboratorium medyczne;zdrowie;
solarium;3;solarium;usługi;
empik;3;handlowa;handel;
apartament turystyczny;2;apartament turystyczny;noclegi;
sakralna;2;sakralna;kult religijny;
policja;2;policja;organizacje publiczne;
handel rowery;2;handlowa rowery;handel;
komis sztuki;2;komis sztuki;kultura i rozrywka;
handel medyczne;2;handlowa medyczna;handel;
notariusz;2;notariusz;usługi;
sklep wielobranżowy;2;sklep wielobranżowy;handel;
biuro obsługi klienta zkm;2;biuro obsługi klienta zkm;transport;
handlowa sprzęt;2;handlowa sprzęt;handel;
żłobek;2;żłobek;organizacje publiczne;
serwis rowerowy;2;serwis rowerowy;usługi;
usługi szkolenia;2;usługi szkolenia;usługi;
usługowa pralnia;2;pralnia;usługi;
ubezpieczenia;2;ubezpieczenia;finanse;
usługowa fotograf;2;fotograf;usługi;
warzywniak;2;warzywniak;handel;
usługowa masaż;2;usługi masaż;zdrowie;
gimnazjum;2;gimnazjum;organizacje publiczne;
usługowa kursy;2;usługi szkolenia;usługi;
spółdzielnia mieszkaniowa;2;spółdzielnia mieszkaniowa;biura;
usługowa złotnik;2;usługi złotnik;usługi;
sexshop;2;sklep erotyczny;handel;
aparthotel;2;aparthotel;noclegi;
drukarnia;2;drukarnia;usługi;
poczta;2;poczta;organizacje publiczne;
bistro;2;bistro;gastronomia;
handlowa kwiaty;2;kwiaciarnia;handel;
kancelaria adwokacka;2;kancelaria adwokacka;usługi;
usługi telekomunikacja;2;usługi telekomunikacja;usługi;
usługi tatuaże;2;studio tatuażu;usługi;
informacja;2;informacja;organizacje publiczne;
usługi gsm;2;serwis gsm;usługi;
muzeum;2;muzeum;kultura i rozrywka;
handel różności;2;sklep wielobranżowy;handel;
gsm;2;serwis gsm;usługi;
usługi komis;2;komis;handel;
handel nieruchomości;2;usługi nieruchomości;usługi;
klub nocny;2;klub nocny;kultura i rozrywka;
handel plastyczny;2;handlowa papiernicza;handel;
handel sztuka;2;handlowa sztuka;handel;
okulista;2;okulista;zdrowie;
usługi telko;2;usługi telekomunikacja;usługi;
usługi pralnia;2;pralnia;usługi;
serwis gsm;2;serwis gsm;usługi;
liceum;2;liceum;organizacje publiczne;
handel epapierosy;2;handlowa używki;handel;
usługi podróże;2;biuro podróży;usługi;
wystawowa;1;wystawowa;kultura i rozrywka;
usługi reklamy;1;usługi reklamowe;usługi;
konsultat kultury;1;konsulat kultury;kultura i rozrywka;
rehabilitacja;1;rehabilitacja;zdrowie;
szkoła policealna;1;szkoła policealna;organizacje publiczne;
informacja autobusowa;1;informacja autobusowa;transport;
zegarmistrz;1;zegarmistrz;usługi;
handlowa epapierosy;1;handlowa używki;handel;
dermatolog;1;dermatolog;zdrowie;
kaplica;1;kaplica;kult religijny;
handlowa meble;1;handlowa meble;handel;
fundacja;1;fundacja;organizacje publiczne;
stokrotka;1;sklep spożywczy;handel;
handlowa księgarnia;1;księgarnia;handel;
adwokat;1;kancelaria adwokacka;usługi;
handel komputery;1;handlowa komputery;handel;
usługowa telko;1;usługi telekomunikacja;usługi;
handel odzierz;1;handlowa ubrania;handel;
manicure;1;usługi uroda;usługi;
handel papierniczy;1;handlowa papiernicza;handel;
mcdonald;1;restauracja;gastronomia;
usługowa wycieczki;1;biuro podróży;usługi;
usługi ubezpieczenia;1;ubezpieczenia;finanse;
usługi jubiler;1;jubiler;handel;
stowarzyszenie kulturalne;1;stowarzyszenie kulturalne;kultura i rozrywka;
usługi kursy;1;usługi szkolenia;usługi;
handlowa turystyczna;1;biuro podróży;usługi;
zakład pogrzebowy;1;zakład pogrzebowy;usługi;
lombarz;1;lombard;finanse;
handel księgarnia;1;księgarnia;handel;
usługowa biuro podróż;1;biuro podróży;usługi;
handlowa sztuka;1;handlowa sztuka;handel;
usługi foto;1;fotograf;usługi;
instytut meteorologii;1;instytut meteorologii;organizacje publiczne;
klub bilardowy;1;klub bilardowy;kultura i rozrywka;
zus;1;zus;organizacje publiczne;
handlowa muzyka;1;handlowa muzyczna;handel;
usługowa nieruchomośći;1;usługi nieruchomości;usługi;
sex shop;1;sklep erotyczny;handel;
handlowa medyczna;1;handlowa medyczna;handel;
handlowa filatelistyka;1;handlowa kolekcjonerska;handel;
spa;1;spa;zdrowie;
biuro nieruchomosci;1;usługi nieruchomości;usługi;
biuro rachunkowe;1;biuro rachunkowe;usługi;
handel alkohole;1;sklep monopolowy;handel;
monopolowy;1;sklep monopolowy;handel;
nauka jazdy;1;szkoła nauki jazdy;usługi;
handel kolekcjonerski;1;handlowa kolekcjonerska;handel;
usługi rozrywka;1;salon gier;kultura i rozrywka;
handel obuwie;1;handlowa obuwie;handel;
informacja turystyczna;1;informacja turystyczna;organizacje publiczne;
uslugi ubezpieczenia;1;ubezpieczenia;finanse;
usługowa uroda;1;usługi uroda;usługi;
galeria handlowa;1;centrum handlowe;handel;
manufaktura czekolady;1;cukiernia;handel;
usługi noclegi;1;usługi noclegi;noclegi;
usługowa krawcowa;1;usługi krawiec;usługi;
handel cbd;1;handlowa używki;handel;
handlowa rękodzieło;1;handlowa rękodzieło;handel;
kanotr;1;kantor;finanse;
usługowa pośrednictwo pracy;1;usługi pośrednictwo pracy;usługi;
starocie;1;handlowa antyki;handel;
handlowa biżuteria;1;jubiler;handel;
prokuratura;1;prokuratura;organizacje publiczne;
kasa biletowa;1;kasa biletowa;transport;
usługowa energetyczna;1;usługi energetyczne;usługi;
usłuowa zegarmistrz;1;zegarmistrz;usługi;
handel jubiler;1;jubiler;handel;
usługowy zdrowie;1;usługi zdrowie;zdrowie;
pensjonat;1;pensjonat;noclegi;
perfumeria;1;drogeria;handel;
bukmacher;1;bukmacher;kultura i rozrywka;
usługi szefc;1;szewc;usługi;
escape room;1;escape room;kultura i rozrywka;
usługi serwisagd;1;serwis agd;usługi;
parkingowa;1;budka strażnicza;przemysł i infrastruktura;
lody;1;lodziarnia;gastronomia;
usługowa madyczna;1;usługi zdrowie;zdrowie;
handlowa nieruchomości;1;usługi nieruchomości;usługi;
uniwersytet;1;szkoła wyższa;organizacje publiczne;
planetarium;1;planetarium;kultura i rozrywka;
szkoła wyższa;1;szkoła wyższa;organizacje publiczne;
uczelnia;1;szkoła wyższa;organizacje publiczne;
sanktuarium;1;sanktuarium;kult religijny;
tatułaż;1;studio tatuażu;usługi;
handel vape;1;handlowa używki;handel;
centrum medyczne rehabilitacja;1;rehabilitacja;zdrowie;
starbucks;1;kawiarnia;gastronomia;
szkoła parafialna;1;szkoła parafialna;organizacje publiczne;
usługi zdrowotne;1;usługi zdrowie;zdrowie;
centrum medyczne chirurgia;1;centrum medyczne;zdrowie;
pilates;1;pilates;kultura i rozrywka;
klub jachtowy;1;klub jachtowy;kultura i rozrywka;
aldi;1;sklep spożywczy;handel;
usługi masażu;1;usługi masaż;zdrowie;
usługi taniec;1;centrum tańca;kultura i rozrywka;
pole dance;1;centrum tańca;kultura i rozrywka;
handel plastyka;1;handlowa papiernicza;handel;
centrum medyczne estetycznej;1;medycyna estetyczna;zdrowie;
biuro podróży;1;biuro podróży;usługi;
teatr muzyczny;1;teatr;kultura i rozrywka;
usługi ratownicze;1;usługi ratownicze;organizacje publiczne;
wc;1;wc;przemysł i infrastruktura;
usługi zegarmistrz;1;zegarmistrz;usługi;
epapierosy;1;handlowa używki;handel;
infrastruktura;1;infrastruktura;przemysł i infrastruktura;
złotnik;1;usługi złotnik;usługi;
usługi media;1;usługi media;usługi;
apteka gemini;1;apteka;handel;
sklep papierniczy;1;handlowa papiernicza;handel;
lidl;1;sklep spożywczy;handel;
przychodnia lekarska;1;przychodnia;zdrowie;
handel wielobranżowy;1;sklep wielobranżowy;handel;
handel gry;1;handlowa gry;handel;
mops;1;ośrodek pomocy społecznej;organizacje publiczne;
centrum medycyny naturalnej;1;centrum medyczne;zdrowie;
skarbiec;1;skarbiec;finanse;
centrum medyczne klinika;1;centrum medyczne;zdrowie;
pogotowie;1;pogotowie;organizacje publiczne;
bar mleczny;1;bar mleczny;gastronomia;
handel chemia;1;handlowa chemia;handel;
hazard;1;salon gier;kultura i rozrywka;
usługowa medyczne;1;usługi zdrowie;zdrowie;
usługi wycieczki;1;biuro podróży;usługi;
handel techniczne;1;handlowa techniczna;handel;
usługi społeczne;1;usługi społeczne;organizacje publiczne;
usługi praca;1;usługi pośrednictwo pracy;usługi;
handel formy ciasta;1;handlowa kuchenna;handel;
krawiec;1;usługi krawiec;usługi;
szklarz;1;usługi szklarz;usługi;
usługi szkoła jazdy;1;szkoła nauki jazdy;usługi;
usługi fotograf;1;fotograf;usługi;
handel detektywistyczny;1;sklep detektywistyczny;handel;
paczkomaty;1;paczkomat;usługi;
handel okulary;1;optyk;handel;
handel militarne;1;handel militarne;handel;
usługi kosmetyczne;1;usługi uroda;usługi;
usługi psycholog;1;psycholog;zdrowie;
usłigi uroda;1;usługi uroda;usługi;
handel muzyczny;1;handlowa muzyczna;handel;
pasmanteria;1;pasmanteria;handel;
siłownia;1;siłownia;kultura i rozrywka;
usługi krawcowa;1;usługi krawiec;usługi;
centrum integracji;1;centrum integracji;organizacje publiczne;
laboratorium zdrowie;1;laboratorium medyczne;zdrowie;
masaż;1;usługi masaż;zdrowie;
usługi pogrzebowe;1;zakład pogrzebowy;usługi;
kancelaria prawnicza;1;kancelaria prawnicza;usługi;
stoważyszenie;1;stowarzyszenie;organizacje publiczne;
usługi masaż;1;usługi masaż;zdrowie;
handel ceramika;1;handlowa ceramika;handel;
teatr;1;teatr;kultura i rozrywka;
usługi tatuaż;1;studio tatuażu;usługi;
handel kuchenne;1;handlowa kuchenna;handel;
usługi kredyty;1;usługi kredyty;finanse;
usługi pocztowe;1;poczta;organizacje publiczne;
