funkcja_parter,count
Garaż,216
Mieszkaniowa Wielorodzinna,79
Restauracja,51
Nieużytek,34
Biurowa,28
Mieszkaniowa Jednorodzinna,22
Pustka,20
Techniczne,18
Techniczna,16
Centrum Medyczne,12
Żabka,12
Centrum Handlowe,11
Bar,11
Magazynowa,11
Portowa,9
Klub Muzyczny,9
Targ,9
Cukiernia,9
Bank,8
Handel Ubrania,8
Hurtownia,7
Administracyjna,7
Kawiarnia,7
Szpital,6
Dworzec_Kolejowy,6
Hotel,5
Przedszkole,5
Straż Pożarna,5
Piekarnia,5
Przychodnia,5
"Restauracja,Bank",5
Usługi_Transport,4
Lumpeks,4
Kebab,4
Handel_Ubrania,4
Sąd,4
"Restauracja,Nieużytek",4
Apteka,4
Pub,4
Delikatesy,4
Lodziarnia,4
Szkoła Żeglarska,4
Sklep Monopolowy,3
Handlowa,3
Szkoła Podstawowa,3
Kiosk,3
Warsztat_Samochodowy,3
Usługowa,3
Hostel,3
Biblioteka,3
Wojskowa,3
Kantor,3
Pizzeria,3
"Restauracja,Handel Pamiątki",3
Dentysta,3
Kościół,3
Biedronka,3
Optyk,3
Empik,3
Usługi Techniczne,2
Apartament Turystyczny,2
Sakralna,2
Fryzjer,2
Policja,2
Usługi Medyczne,2
"Usługi_Zdrowie,Centrum Medyczne,Żabka,Piekarnia",2
Komis_Sztuki,2
Sklep Spożywczy,2
Stomatolog,2
Nieużytek ,2
Notariusz,2
Biuro Obsługi Klienta zkm,2
Centrum_Medyczne,2
Administracja,2
Serwis Rowerowy,2
Usługi_Szkolenia,2
Handlowa_Ubrania,2
"Restauracja,Fryzjer",2
Usługowa_Zdrowie,2
Spółdzielnia Mieszkaniowa,2
SexShop,2
Aparthotel,2
Poczta,2
Drogeria,2
"Handlowa Kwiaty,Żabka",2
"Biurowa, Usługowa Medyczna",2
Informacja,2
Księgarnia,2
"Fryzjer,Restauracja",2
Klub Nocny,2
"Nieużytek,Restauracja",2
Liceum,2
Wystawowa,1
"Hotel,Restauracja",1
"Cukiernia,Usługi_Medyczne",1
"Handel_rowery,Usługi_reklamy",1
Usługi_Zdrowie,1
Konsultat_Kultury,1
"Handel_Medyczne, Żabka",1
magazynowa,1
"Apteka,Bank",1
"Usługi_Medyczne,Handel_Ubrania",1
Rehabilitacja,1
Usługi_Techniczne,1
"Szkoła Policealna,Administracja",1
Informacja_Autobusowa,1
"Dentysta,Fryzjer",1
"Dentysta,Nieużytek",1
"Sklep Wielobranżowy,Bank,Usługi_Zdrowie",1
"Zegarmistrz,Handlowa_Epapierosy",1
"Handlowa_Sprzęt,Handlowa_Zdrowie",1
Żłobek,1
Lombard,1
Handlowa_Sprzęt,1
"Dentysta,Dermatolog,Restauracja",1
Kaplica,1
Handlowa_Meble,1
Fundacja,1
"Piekarnia,Sklep_Wielobranżowy,Usługowa_Krawiec",1
"Stokrotka, Drogeria, Usługowa",1
"Restauracja, Delikatesy",1
"Usługowa_Pralnia,Handlowa_Księgarnia",1
"Piekarnia,Lombard,Bar",1
Ubezpieczenia,1
"Restauracja,Adwokat, Handel_Komputery",1
Usługowa_Telko,1
"Handel_Odzierz,Manicure",1
Handel_Papierniczy,1
"Dworzec_Kolejowy,Rossman,Mcdonald",1
"Usługowa_Krawiec,Usługowa_Wycieczki",1
"Handlowa_Ubrania,Nieużytek",1
"Handlowa_Ubrania,Usługowa_Zdrowie",1
"Restauracja,Usługowa_Zdrowie",1
"Apteka,Kawiarnia",1
"Handlowa_Ubrania,Usługowa_Fotograf",1
"Warzywniak,Handlowa_Ubrania,Usługowa_Zdrowie",1
"Piekarnia,Usługi_ubezpieczenia,Usługi_Jubiler",1
Stowarzyszenie_Kulturalne,1
"Apteka, Fryzjer, Kantor",1
"Fryzjer,Usługowa",1
"Żabka,Kawiarnia,Handel_Ubrania",1
"Fryzjer,Handlowa,Nieużytek",1
Usługi Kursy,1
"Apteka,Handlowa",1
Handlowa_turystyczna,1
"Apteka,Delikatesy,Księgarnia,Zakład_Pogrzebowy",1
"Restauracja,Lombarz",1
Usługowa_masaż,1
"Stomatolog,Kawiarnia",1
Handel_Księgarnia,1
"Żabka,Usługowa_Masaż",1
"Restauracja,Fryzjer,Bank",1
"Restauracja,Centrum Medyczne",1
"Fryzjer,Usługowa_biuro_podróż",1
"Handlowa_Sztka, Apteka, Żabka, Cukiernia,Lumpeks",1
Gimnazjum,1
Usługowa_kursy,1
Usługowa_Medyczna,1
"Bar,Usługowa",1
"Usługowa_Zdrowie,Kantor",1
Handlowa_Zdrowie,1
"Usługowa,Żabka,Restauracja",1
"Pub,Bar,Usługi_Zdrowie",1
"Lombard, Usługi_foto",1
Instytut Meteorologii,1
"Usługowa_Pralnia,Barber",1
Klub Bilardowy,1
"Piekarnia, Jubiler,Kantor",1
"Lombard,Restauracja",1
Zus,1
"Usługowa_Medyczna,Usługowa_Złotnik,Kawiarnia",1
"Handlowa_Ubrania,Usługowa_Krawiec",1
"Gimnazjum,Administracja",1
"Handlowa_muzyka, centrum medyczne",1
Usługowa_nieruchomośći,1
"Piekarnia,Handel",1
"Usługowa_Zdrowie,Handel_Ubrania",1
"Centrum Medyczne,Sex Shop",1
"Handlowa_Medyczna,Handlowa_Filatelistyka,Restauracja",1
"Usługowa_Krawiec,Usługowa_Fotograf",1
Spa,1
"Fryzjer,Biuro_Nieruchomosci",1
"Kawiarnia,biuro_rachunkowe",1
"Usługi_Techniczne,Fryzjer",1
"Restauracja,Biurowa",1
"Fryzjer,Handel_Alkohole,Restauracja",1
"Centrum Medyczne,Monopolowy",1
"Żabka,Handel,Kebab",1
"Nauka_jazdy,Drukarnia,Lombard,Optyk",1
"Handel_kolekcjonerski, Kebab",1
Usługi_Rozrywka,1
Handel_obuwie,1
Informacja Turystyczna,1
"Kawiarnia,Bank",1
Uslugi Ubezpieczenia,1
"Kantor,Usługowa Uroda",1
Galeria Handlowa,1
Manufaktura_Czekolady,1
Bistro,1
"Restauracja,Usługi_Noclegi",1
"Restauracja,Cukiernia",1
"Usługowa_Złotnik,Usługowa_Krawcowa",1
"Bank,Apteka",1
"Kebab,Usługowa_Zdrowie",1
"Targ,Nieużytek",1
"Kantor,Handel_CBD",1
"Handlowa_Rękodzieło,Handlowa_Ubrania,Kanotr",1
"Handlowa Zdrowie, Fryzjer, Usługowa Pośrednictwo Pracy",1
Usługowa Kursy,1
"Handlowa Odzież ,Starocie",1
Handlowa Odzież,1
"Handlowa_Biżuteria,Usługowa Zdrowie,Restauracja",1
Prokuratura,1
Kasa biletowa,1
Usługowa Energetyczna,1
"Piekarnia, Usłuowa Zegarmistrz",1
"Bar,Handel Jubiler,Usługowy Zdrowie",1
"Przychodnia, Kawiarnia",1
Pensjonat,1
"Apteka,Żabka",1
"Handlowa Ubrania,Restauracja,Jubiler,Perfumeria,Bukmacher",1
"Restauracja,Kancelaria Adwokacka",1
"Bar,Pub,Piekarnia,Usługi Szefc",1
"Restauracja,Urząd Miasta",1
"Galeria Sztuki,Fryzjer",1
"Restauracja,Kebab",1
Usługi Telekomunikacja,1
"Lodziarnia,Żabka",1
"Restauracja,Usługi Telekomunikacja",1
"Restauracja,Escape Room",1
Usługi_Tatuaże,1
Handel Pamiątki,1
"Kwiaciarnia,Usługi SerwisAGD",1
"Usługi Medyczne,Usługi GSM,Handel Ubrania",1
"Piekarnia,Bank,Fryzjer",1
"Pub,Restauracja",1
"Bar,Fryzjer,Hostel",1
"Żabka,Usługi Medyczne",1
"Bank,Restauracja,Księgarnia",1
Parkingowa,1
"Muzeum,Biurowa",1
"Handlowa_Ubrania,Jubiler,Lody",1
"Usługowa Madyczna,Fryzjer,Drogeria,Handlowa Nieruchomości",1
"Uniwersytet,Planetarium",1
Muzeum,1
Szkoła Wyższa,1
Uczelnia,1
Sanktuarium,1
"Usługi Medyczne,Fryzjer",1
"Handel Różności,Cukiernia",1
"Lombard,Tatułaż,Nieużytek",1
"Kawiarnia,Restauracja,GSM,Handel Medyczny,Handel Vape",1
Centrum Medyczne Rehabilitacja,1
"Starbucks,Handel Ubrania",1
Szkoła Parafialna,1
"Urząd Miasta,Biurowa",1
Usługi Komis,1
"Restauracja,Jubiler",1
"Handel Ubrania,Lodziarnia,Usługi Zdrowotne",1
"Handel Nieruchomości,Usługi Komis",1
"Restauracja,Kebab,Kawiarnia,Księgarnia,Handel Ubrania",1
"Centrum Medyczne Chirurgia,Pilates",1
"Bar,Laboratorium Medyczne,Usługi Techniczne,Handel_Medyczne",1
Klub Jachtowy,1
"Żabka,Restauracja",1
"Galeria Sztuki,Restauracja",1
"Kawiarnia,Restauracja,Bank,Aldi,Żabka,Handel Meble",1
Usługi Masażu,1
Kancelaria_Adwokacka,1
Usługi Taniec,1
"Handlowa Odzież,Nieużytek",1
"Restauracja,Dentysta",1
"Solarium,Pole Dance",1
"Optyk,Handel Plastyka",1
"Centrum Medyczne Estetycznej,Dentysta",1
"Cukiernia,Restauracja,Biuro Podróży",1
Teatr Muzyczny,1
"Usługi Ratownicze,WC",1
"Cukiernia,Galeria Sztuki,Usługi Zegarmistrz,Epapierosy",1
"Handel Ubrania,Jubiler",1
Infrastruktura,1
"Centrum Medyczne,Fryzjer,Restauracja,Rossman",1
"Usługi Medyczne,Kiosk,Jubiler,Kawiarnia",1
"Dentysta,Laboratorium Medyczne,Złotnik,Usługi Media",1
Handel Plastyczny,1
"Handel Plastyczny,Bank",1
"Sklep Spożywczy,Apteka Gemini",1
"Sklep Papierniczy,Cukiernia,Optyk,Lidl",1
Przychodnia Lekarska,1
Handel_Wielobranżowy,1
"Handel Gry,Usługi Uroda",1
MOPS,1
Handel Sztuka,1
"Piekarnia,Żabka,Handel Medyczny,Centrum Medycyny naturalnej,Solarium,Handel Rowery,Skarbiec,Handel meble",1
"Restauracja,Kebab,Delikatesy",1
"Restauracja,Galeria Sztuki",1
Centrum Medyczne KLINIKA,1
"Kebab,Piekarnia,Lombard",1
"Nieużytek,Cukiernia,Lombard",1
Pogotowie ,1
"Centrum Medyczne,Handel",1
Bar Mleczny,1
"Sklep Monopolowy,Handel Ubrania,Handel Chemia,Drukarnia,Fryzjer,Hazard",1
Handel_Różności,1
"Lumpeks,Usługi_Medyczne",1
Usługowa_Medyczne,1
Usługi Wycieczki,1
Handel Techniczne,1
"Solarium,Sklep Spożywczy,Usługi Nieruchomości",1
Usługi Społeczne,1
"Żabka,Kosmetyczka,Okulista",1
"Kosmetyczka, Centrum Medyczne",1
"Centrum Medyczne,Apteka",1
"Bistro,Usługi Telko",1
"Handel Odzież,Fryzjer,Bar",1
"Pub,Usługi Praca",1
Usługi Telko,1
"Piekarnia,Handel Formy Ciasta",1
"Krawiec,Kosmetyczka,Fryzjer,Pub",1
"Dentysta,Galeria Sztuki,Nieużytek",1
"Cukiernia,Kosmetyczka,Pizzeria,Szklarz",1
"Usługi Uroda,Usługi Szkoła Jazdy",1
"Kawiarnia,Usługi Fotograf",1
Handel Odzież,1
"Centrum Medyczne,Restauracja,Fryzjer",1
"Warzywniak,Handel Odzież",1
"Kawiarnia,Pub",1
"Handel Ubrania,Usługi Pralnia,Handel Detektywistyczny",1
"Kawiarnia,Restauracja",1
"Kantor,Restauracja,Fryzjer,Paczkomaty",1
"Lodziarnia,Handel Okulary",1
"Handel Zdrowie,Handel Militarne",1
Okulista,1
Handel Nieruchomości,1
"Usługi Tatuaże,Serwis GSM",1
"Bank,Księgarnia",1
"Apteka,Nieużytek",1
"Handel Meble,Restauracja",1
"Serwis GSM,Handel Sztuka",1
"Usługi Kosmetyczne,Usługi Psycholog",1
"Usłigi Uroda,Kwiaciarnia,Usługi Nieruchomości,Żabka",1
"Nieużytek,Handel Muzyczny",1
"Barber,Bar",1
Barber,1
Usługi Nieruchomości,1
"Handel Epapierosy,Fryzjer,Usługi Uroda",1
"Żabka,Handel Ubrania,Usługi GSM",1
"Restauracja,Usługi Uroda",1
"Kawiarnia,Fryzjer",1
"Bar,Handel Zdrowie,Pasmanteria",1
Siłownia,1
"Lombard,Usługi Krawcowa,Ubezpieczenia,kebab",1
"Restauracja,Kawiarnia,Bank",1
"Kawiarnia,Żłobek,Centrum Integracji",1
"Fryzjer,Centrum Medyczne",1
"Restauracja,Bank,Kawiarnia",1
"Laboratorium Zdrowie,Usługi Uroda",1
"Nieużytek,Restauracja,Handel Medyczny",1
"Masaż,Handel Ubrania",1
"Usługi Pogrzebowe,Fryzjer",1
"Handel Ubrania,Handel Zdrowie",1
"Restauracja,Kancelaria Prawnicza",1
"Stoważyszenie,Usługi Masaż",1
"Rossman,Handel Meble,Usługi Nieruchomości",1
"GSM,Handel Ceramika,Bar",1
Teatr,1
"Restauracja,Usługi Tatuaż",1
"Handel Meble,Żabka",1
"Sklep Monopolowy,Bank",1
"Handel Meble,Nieużytek",1
Handel Meble,1
"Kawiarnia,Handel Kuchenne",1
"Usługi Pralnia,Usługi Kredyty",1
"Kwiaciarnia,Usługi Podróże,Nieużytek",1
"Usługi Pocztowe,Kwiaciarnia,Handel ubrania",1
"Kawiarnia,Cukiernia,Usługi Podróże",1
"Żabka,Handel Odzież,Handel Epapierosy",1
"Laboratorium Medyczne,Piekarnia,Kiosk",1
"Apteka,Handel Zdrowie",1
Urząd Miasta,1
