id;osm_id;addr_street;addr_number;grupa_parter;funkcja_parter;grupa_pietra;funkcja_pietra;liczba_kondygnacji;mieszana;rok_budowy_szac;styl_arch;stan_tech;wysokosc_max;zabytek
1;127184291;Świętego Piotra;8;;Hotel;;Hotel;7;;;;;28.8;
2;890729731;Świętego Piotra;6D;;Mieszkaniowa Wielorodzinna;;Mieszkaniowa Wielorodzinna;5;;;;;23.8;
3;890292040;Węglowa;22;;Centrum Handlowe;;Mieszkaniowa Wielorodzinna;17;;;;;58.5;
4;890729732;Świętego Piotra;6;;Mieszkaniowa Wielorodzinna;;Mieszkaniowa Wielorodzinna;17;;;;;59.4;
5;136885205;Tadeusza Wendy;15;;Centrum Medyczne;;Centrum Medyczne;6;;;;;31.1;
6;273937994;Tadeusza Wendy;15;;Biurowa;;Biurowa;9;;;;;29.8;
7;398139557;Tadeusza Wendy;15;;Biurowa;;Biurowa;1;;;;;27.6;
8;273937986;Tadeusza Wendy;15;;Biurowa;;Biurowa;8;;;;;28.9;
9;126117723;Świętego Piotra;19;;Bar;;Mieszkaniowa Wielorodzinna;5;;;;;20.6;
10;273937982;Tadeusza Wendy;15;;Transport;;Transport;5;;;;;25.7;
11;398139480;Świętego Piotra;21;;Centrum Medyczne;;Biura;5;;;;;22.9;
12;273937989;Tadeusza Wendy;15;;Transport;;Transport;2;;;;;26.8;
13;127184289;Świętego Piotra;17;;Wystawowa;;Mieszkaniowa Wielorodzinna;5;;;;;22.6;
14;127110175;Portowa;3;;Sklep Monopolowy;;Mieszkaniowa Wielorodzinna;6;;;;;24.9;
15;127184288;Świętego Piotra;15;;Usługi Techniczne;;Usługi Techniczne;4;;;;;20.0;
16;398139521;Stefana Żeromskiego;;;Mieszkaniowa Wielorodzinna;;;1;;;;;20.2;
17;398139538;Stefana Żeromskiego;;;Mieszkaniowa Wielorodzinna;;;1;;;;;20.0;
18;127184286;Świętego Piotra;13;;Apartament Turystyczny;;Apartament Turystyczny;5;;;;;20.5;
19;127184285;Świętego Piotra;11;;Mieszkaniowa Wielorodzinna;;Mieszkaniowa Wielorodzinna;5;;;;;20.5;
20;126117726;Stefana Żeromskiego;1;;Mieszkaniowa Jednorodzinna;;Mieszkaniowa Jednorodzinna;2;;;;;18.7;
21;398139547;Tadeusza Wendy;15;;Transport;;Transport;3;;;;;23.9;
22;398139556;Stefana Żeromskiego;;;Garaż;;;1;;;;;5.9;
23;127110164;Jerzego Waszyngtona;12;;Mieszkaniowa Wielorodzinna;;Mieszkaniowa Wielorodzinna;4;;;;;20.0;
24;398139514;Stefana Żeromskiego;;;Garaż;;;1;;;;;5.7;
25;398139481;Stefana Żeromskiego;;;Garaż;;;1;;;;;18.8;
26;127110183;Portowa;5;;Sklep Monopolowy;;Mieszkaniowa Wielorodzinna;5;;;;;24.3;
27;398139560;Śledziowa;;;Hurtownia;;;1;;;;;5.7;
28;126901816;Portowa;2;;Sakralna;;Sakralna;6;;;;;21.5;
29;225076509;Śledziowa;;;Portowa;;;1;;;;;6.5;
30;225076528;Śledziowa;;;Portowa;;;1;;;;;6.5;
31;244042555;Stefana Żeromskiego;3;;Mieszkaniowa Jednorodzinna;;Mieszkaniowa Jednorodzinna;2;;;;;7.9;
32;398139546;Stefana Żeromskiego;;;Mieszkaniowa Jednorodzinna;;;1;;;;;5.8;
33;957517887;Śledziowa;;;Portowa;;;1;;;;;6.3;
34;398139543;Śledziowa;;;Hurtownia;;;1;;;;;6.0;
35;398139502;Stefana Żeromskiego;;;Garaż;;;1;;;;;6.0;
36;127110182;Portowa;7;;Handlowa;;Mieszkaniowa Wielorodzinna;5;;;;;22.0;
37;398139539;Stefana Żeromskiego;;;Garaż;;;1;;;;;7.5;
38;398139518;Portowa;;;Garaż;;;1;;;;;5.1;
39;225076514;Śledziowa;;;Portowa;;;1;;;;;6.8;
40;126117721;Stefana Żeromskiego;4;;Mieszkaniowa Wielorodzinna;;Mieszkaniowa Wielorodzinna;5;;;;;19.6;
41;139634730;Świętego Piotra;2;;Klub Muzyczny;;;1;;;;;11.3;
42;398139522;Jerzego Waszyngtona;;;Garaż;;;1;;;;;5.7;
43;398139562;Śledziowa;;;Portowa;;;1;;;;;7.1;
44;126117722;Stefana Żeromskiego;4A;;Mieszkaniowa Wielorodzinna;;Mieszkaniowa Wielorodzinna;4;;;;;17.3;
45;127110168;Jerzego Waszyngtona;14;;Mieszkaniowa Wielorodzinna;;Mieszkaniowa Wielorodzinna;3;;;;;16.4;
46;398139561;Świętego Piotra;2;;Klub Muzyczny;;;1;;;;;14.4;
47;398139542;Jerzego Waszyngtona;;;Garaż;;;1;;;;;4.6;
48;398139530;Jerzego Waszyngtona;;;Garaż;;;1;;;;;4.6;
49;398139564;Świętego Piotra;2;;Klub Muzyczny;;;1;;;;;9.5;
50;126901824;Stefana Żeromskiego;5A;;Mieszkaniowa Jednorodzinna;;Mieszkaniowa Jednorodzinna;2;;;;;8.0;
51;126901815;Portowa;4;;Centrum Medyczne;;Centrum Medyczne;5;;;;;22.1;
52;398139531;Stefana Żeromskiego;;;Garaż;;;1;;;;;11.2;
53;398139491;Jerzego Waszyngtona;;;Garaż;;;1;;;;;4.6;
54;126901818;Stefana Żeromskiego;6;;Mieszkaniowa Jednorodzinna;;Mieszkaniowa Jednorodzinna;3;;;;;11.8;
55;127110169;Jerzego Waszyngtona;14A;;Mieszkaniowa Jednorodzinna;;Mieszkaniowa Jednorodzinna;2;;;;;8.1;
56;398139490;Świętego Piotra;2;;Klub Muzyczny;;;1;;;;;7.2;
57;127110181;Portowa;9;;Klub Muzyczny;;Hotel;5;;;;;24.0;
58;398139535;Świętego Piotra;2;;Klub Muzyczny;;;1;;;;;7.2;
59;126117725;Jerzego Waszyngtona;9;;Biurowa;;Biurowa;2;;;;;10.2;
60;167561275;Portowa;2;Użyteczność publiczna;Sakralna;;Sakralna;2;;;;;23.5;
61;708191999;Stefana Żeromskiego;5;;Mieszkaniowa Wielorodzinna;;Mieszkaniowa Wielorodzinna;5;;;;;20.4;
62;127184282;Stefana Żeromskiego;6A;;Mieszkaniowa Wielorodzinna;;Mieszkaniowa Wielorodzinna;4;;;;;20.6;
63;225076534;Świętego Piotra;2;;company;;;;;;;;10.4;
64;398139503;Stefana Żeromskiego;;;Garaż;;;1;;;;;6.0;
65;398139474;Jerzego Waszyngtona;16A;;Mieszkaniowa Jednorodzinna;;Mieszkaniowa Jednorodzinna;2;;;;;7.4;
66;260663426;Wendy;;;Mieszkaniowa Wielorodzinna;;;1;;;;;6.8;
67;127110180;Portowa;11;;Fryzjer;;Mieszkaniowa Wielorodzinna;5;;;;;24.0;
68;127110177;Portowa;6;;Centrum Medyczne;;Centrum Medyczne;4;;;;;22.0;
69;225076522;;;;;;;;;;;;10.2;
70;126117720;Stefana Żeromskiego;8;;Mieszkaniowa Wielorodzinna;;Mieszkaniowa Wielorodzinna;5;;;;;18.7;
71;126117724;Jerzego Waszyngtona;16;;Mieszkaniowa Wielorodzinna;;Mieszkaniowa Wielorodzinna;1;;;;;34.9;
72;398139552;;;;Garaż;;;1;;;;;5.7;
73;398139511;;;;Garaż;;;1;;;;;6.0;
74;398139541;;;;Garaż;;;1;;;;;6.1;
75;127110176;Portowa;8;;Restauracja;;Mieszkaniowa Wielorodzinna;6;;;;;24.0;
76;398139520;;;;Mieszkaniowa Wielorodzinna;;Mieszkaniowa Wielorodzinna;5;;;;;20.8;
77;126901812;Tadeusza Wendy;13A;;Usługi Techniczne;;;1;;;;;6.9;
78;398139534;;;;Garaż;;;1;;;;;7.5;
79;1352737997;Stefana Żeromskiego;7;;Centrum Medyczne;;Mieszkaniowa Wielorodzinna;5;;;;;21.4;
80;398139523;;;;;;;;;;;;8.7;
81;127110179;Portowa;13-15;;Policja;;Policja;7;;;;;28.9;
82;398139536;;;;;;;;;;;;8.7;
83;225076521;;;;;;;;;;;;12.1;
84;183311589;Świętego Wojciecha;10;;Centrum Medyczne;;Mieszkaniowa Wielorodzinna;9;;;;;31.1;
85;127110167;Jerzego Waszyngtona;18;;Mieszkaniowa Wielorodzinna;;Mieszkaniowa Wielorodzinna;10;;;;;34.9;
86;126901811;Jana z Kolna;8B;;Administracyjna;;Administracyjna;8;;;;;33.4;
87;398139551;;;;Administracyjna;;;1;;;;;30.4;
88;136885200;Jana z Kolna;28;;Handlowa;;;1;;;;;15.4;
89;398139504;;;;Hurtownia;;;1;;;;;9.8;
90;398139544;;;;Handlowa;;;1;;;;;12.2;
91;126901826;Stefana Żeromskiego;15A;;Mieszkaniowa Wielorodzinna;;Mieszkaniowa Wielorodzinna;3;;;;;14.9;
92;127061409;Jana z Kolna;24/26;;Magazynowa;;;1;;;;;23.6;
93;355434416;;;;Magazynowa;;;1;;;;;9.7;
94;1374442403;;;;;;;;;;;;7.9;
95;273938009;;;;Hurtownia;;;1;;;;;7.9;
96;398139549;;;;Garaż;;;1;;;;;5.6;
97;273937981;Jana z Kolna;14;;Mieszkaniowa Jednorodzinna;;;1;;;;;8.2;
98;127110166;Jerzego Waszyngtona;20;;Mieszkaniowa Wielorodzinna;;Mieszkaniowa Wielorodzinna;10;;;;;34.8;
99;355434414;;;;Magazynowa;;;1;;;;;15.2;
100;126901828;Jerzego Waszyngtona;22A;;Mieszkaniowa Jednorodzinna;;Mieszkaniowa Jednorodzinna;3;;;;;12.1;
101;126901813;Jana z Kolna;8A;;Administracyjna;;Administracyjna;6;;;;;24.4;
102;226061440;;;Gastronomia;Restauracja;;;1;;;;;6.9;
103;226833426;Jana z Kolna;20;;;;;;;;;;9.7;
104;126901814;Jana z Kolna;8;;Administracyjna;;Administracyjna;8;;;;;31.2;
105;273937991;;;;Administracyjna;;Administracyjna;6;;;;;24.6;
106;1226355010;;;;Restauracja;;;1;;;;;24.2;
107;273938000;;;;Administracyjna;;Administracyjna;6;;;;;24.6;
108;127061401;Jana z Kolna;12;;;;;;;;;;11.4;
109;398139555;;;;Lumpeks;;Biurowa;3;;;;;14.8;
110;226061441;Jana z Kolna;6;;Hotel;;Hotel;5;;;;;23.9;
111;398139533;;;;Restauracja;;Hotel;6;;;;;23.0;
112;225076515;;;;Magazynowa;;;1;;;;;12.6;
113;127110165;Jerzego Waszyngtona;22;;Mieszkaniowa Wielorodzinna;;Mieszkaniowa Wielorodzinna;5;;;;;26.2;
114;273937997;;;;;;;;;;;;10.5;
115;261459206;;;;Centrum Medyczne;;Centrum Medyczne;6;;;;;27.0;
116;1362917314;;;;Magazynowa;;;1;;;;;15.8;
117;127061428;Plac Kaszubski - Jana z Kolna;2;;;;;5;;;;;25.5;
118;126391737;Jana z Kolna;4;;;;;;;;;;15.8;
119;225076533;;;;Magazynowa;;;1;;;;;17.2;
120;126391748;Plac Kaszubski;3;;Usługi;;Mieszkaniowa Wielorodzinna;6;;;;1;24.5;
121;355434403;;;;;;;1;;;;;10.9;
122;126117727;Jerzego Waszyngtona;11;;;;;;;;;;13.0;
123;127184275;Świętego Wojciecha;7;;Sklep Rowerowy;;Mieszkaniowa Wielorodzinna;5;;;Modernizm;3;24.7;
124;398139484;Jana z Kolna;24;;Usługi;;;1;;;;;7.3;
125;127110723;Jana z Kolna;34;;;;;1;;;;;9.0;
126;126391746;Plac Kaszubski;5;;Usługi Medyczne;;Mieszkaniowa Wielorodzinna;5;;;;2;23.8;
127;76208054;;;;Magazynowa;;;7;;;;;30.6;
128;225076523;;;;Magazynowa;;;1;;;;;6.5;
129;127184278;Plac Kaszubski;9B;;Apartament Turystyczny;;Apartament Turystyczny;3;;;;2;15.6;
130;225076519;;;;;;;1;;;;;23.0;
131;76208076;;;;;;;1;;;;;29.8;
132;225076518;;;;;;;3;;;;;20.0;
133;706123163;Świętego Wojciecha;5;;;;;7;;;;;24.6;
134;273937983;;;;;;;;;;;;9.2;
135;126901806;Jana z Kolna;13;;;;;;;;;;8.8;
136;1362917315;;;;Magazynowa;;;1;;;;;26.3;
137;225076510;;;;Magazynowa;;;1;;;;;7.9;
138;127184280;Plac Kaszubski;7A;;Kawiarnia;;;1;;;;3;8.0;
139;273938008;;;;;;;;;;;;13.3;
140;1368401481;;;;;;;;;;;;8.6;
141;1165971813;;;;;;;;;;;;24.5;
142;126901810;Jana z Kolna;25;;;;;;;;;;16.5;
143;1226333980;Jana z Kolna;1;;;;;7;;;;;29.3;
144;126391744;Plac Kaszubski;7;;Biurowa;;Mieszkaniowa Wielorodzinna;8;;;;3;27.9;
145;1368401480;;;;;;;;;;;;8.9;
146;1368401479;;;;;;;;;;;;8.8;
147;126116416;Jana z Kolna;27;;Biurowa;;Biurowa;6;;;;;22.3;
148;261459290;Jana z Kolna;27;;Biurowa;;Biurowa;5;;;;;19.0;
149;261459286;Jana z Kolna;27;;Biurowa;;Biurowa;5;;;;;20.9;
150;261459291;Jana z Kolna;27;;Biurowa;;Biurowa;5;;;;;17.9;
151;225076527;;;;;;;;;;;;10.4;
152;1226354993;;;;;;;1;;;;;19.1;
153;225076513;;;;Biurowa;;Biurowa;2;;;;;11.0;
154;355434411;;;;;;;;;;;;9.4;
155;1389003031;;;;;;;;;;;;9.2;
156;261459220;;;;;;;;;;;;9.7;
157;225076511;Arkadiusza Rybickiego;9;;Biurowa;;Biurowa;2;;;;;10.3;
158;261459288;;;;;;;;;;;;16.5;
159;126897579;Jana z Kolna;29;;Przedszkole;;;2;;;;;11.4;
160;225149794;Plac Kaszubski;1A;;;;;;;;;;10.3;
161;228651434;;;;;;;;;;;;12.9;
162;355434399;;;;Magazynowa;;Magazynowa;1;;;;;11.1;
163;261459245;;;;;;;;;;;;8.1;
164;261459226;;;;;;;;;;;;11.5;
165;261459263;;;;;;;;;;;;7.1;
166;228651433;;;;;;;;;;;;12.8;
167;225076536;;;;Biurowa;;Biurowa;4;;;;;16.5;
168;126117718;Plac Kaszubski;11;;Restauracja;;Mieszkaniowa Wielorodzinna;7;;;;2;27.4;
169;261459218;Wójta Radtkego;38;;Handlowa;;;1;;;;;10.6;
170;225076517;;;;Biurowa;;;1;;;;;7.1;
171;126116409;Władysława IV;2/4;;;;;;;;;;24.9;
172;355434408;;;;Biurowa;;Biurowa;4;;;;;17.8;
173;355434410;;;;Magazynowa;;;1;;;;;9.0;
174;126895119;Jana z Kolna;5;;;;;;;;;;13.6;
175;225076526;;;;Magazynowa;;;1;;;;;9.0;
176;261459233;;;;;;;;;;;;5.0;
177;228651437;Janka Wiśniewskiego;3;;;;;;;;;;13.9;
178;126116410;Władysława IV;1/5;;;;;;;;;;40.9;
179;273937996;;;;;;;;;;;;13.7;
180;225076529;;;;Biurowa;;Biurowa;2;;;;;11.7;
181;126116417;Plac Kaszubski;8;;;;;;;;;;30.6;
182;126116414;Wójta Radtkego;28;;Mieszkaniowa Wielorodzinna;;Mieszkaniowa Wielorodzinna;10;;;;;34.8;
183;126116415;Wójta Radtkego;24;;;;;;;;;;35.0;
184;261459252;;;;;;;;;;;;5.1;
185;261459259;;;;;;;;;;;;5.7;
186;126391743;Plac Kaszubski;13;;Usługi;;Mieszkaniowa Wielorodzinna;6;;;;2;26.1;
187;1258413691;;;;;;;;;;;;27.9;
188;261459235;Wójta Radtkego;38;;Handlowa;;;;;;;;9.0;
189;126116413;Wójta Radtkego;32;;Rehabilitacja;;Mieszkaniowa Wielorodzinna;10;;;;;35.1;
190;126116397;Jana z Kolna;55;;Sąd;;Sąd;5;;;;;27.9;
191;1162261246;;;;Handlowa;;;1;;;;;15.4;
192;225076535;;;;Biurowa;;Biurowa;4;;;;;17.3;
193;126117729;Stefana Żeromskiego;18;;;;;2;;;;;11.9;
194;355434404;;;;;;;;;;;;13.5;
195;126901831;Stefana Żeromskiego;25;;;;;;;;;;9.9;
196;225076531;;;;Garaż;;;1;;;;;5.8;
197;139635202;;;;Handlowa;;;1;;;;;15.3;
198;261459196;;;;;;;;;;;;5.8;
199;261459219;;;;;;;;;;;;5.4;
200;261459280;Plac Kaszubski;15;;Pustka;;Mieszkaniowa Wielorodzinna;5;;;;3;26.8;
201;225076512;;;;Garaż;;;1;;;;;7.3;
202;126116396;Jana z Kolna;57;;Sąd;;Sąd;4;;;;;26.2;
203;261459197;Wójta Radtkego;36;;Handlowa;;;1;;;;;21.8;
204;126117716;;;;;;;2;;;;;13.6;
205;126116408;Wójta Radtkego;22;;;;;;;;;;34.9;
206;126391741;Plac Kaszubski;15;;Sklep Spożywczy;;Mieszkaniowa Wielorodzinna;7;;;;2;29.7;
207;225076525;Arkadiusza Rybickiego;8;;Transport;;Transport;2;;;;;12.7;
208;126116399;Wójta Radtkego;30;;Stomatolog;;Mieszkaniowa Wielorodzinna;10;;;;;35.7;
209;126116404;Wójta Radtkego;26;;Usługowa;;Mieszkaniowa Wielorodzinna;10;;;;;35.4;
210;1363465557;;;;;;;;;;;;11.2;
211;261459195;;;;Handlowa;;;1;;;;;14.3;
212;171756618;;;;Handlowa;;;1;;;;;15.0;
213;126116398;Wójta Radtkego;34;;Notariusz;;Mieszkaniowa Wielorodzinna;10;;;;;35.8;
214;707483055;;;;;;;1;;;;;7.4;
215;1223746519;;;;;;;1;;;;;14.2;
216;291155665;;;;;;;;;;;;13.5;
217;126897565;Plac Konstytucji;5;Użyteczność publiczna;Sąd;;Sąd;5;;;;;29.8;
218;261459238;Wójta Radtkego;38;;Handlowa;;;1;;;;;11.8;
219;126117717;Stefana Żeromskiego;31;;Usługowa;;Mieszkaniowa Wielorodzinna;5;;;;;17.2;
220;708123343;Arkadiusza Rybickiego;4B;;Usługowa;;Mieszkaniowa Wielorodzinna;5;;;;;21.7;
221;708123342;Arkadiusza Rybickiego;4A;;;;;;;;;;21.8;
222;707483056;;;;;;;1;;;;;9.4;
223;168042142;;;;;;;;;;;;13.4;
224;126897563;Wójta Radtkego;42;;Restauracja;;Mieszkaniowa Wielorodzinna;5;;;;;28.4;
225;708123341;Arkadiusza Rybickiego;4;;Usługowa;;Mieszkaniowa Wielorodzinna;5;;;;;21.7;
226;555952485;Wójta Radtkego;1;;Szpital;;Szpital;10;;1990;Nowożytność;3;44.5;
227;126117731;Stefana Żeromskiego;26;;Usługowa;;Mieszkaniowa Wielorodzinna;9;;;;;23.8;
228;126897564;Wójta Radtkego;44;;Handlowa;;Mieszkaniowa Wielorodzinna;5;;;;;28.0;
229;708123340;Arkadiusza Rybickiego;2B;;Usługowa;;Mieszkaniowa Wielorodzinna;5;;;;;21.9;
230;261459201;Wójta Radtkego;1;;Szpital;;Szpital;7;;1990;Nowożytność;3;29.8;
231;708123339;Arkadiusza Rybickiego;2A;;Restauracja;;Mieszkaniowa Wielorodzinna;5;;;;;21.9;
232;127268556;Plac Konstytucji;2;;;;;8;;;;;38.0;
233;1226333963;;;;;;;1;;;;;32.4;
234;126117730;Plac Kaszubski;17;;Usługowa;;Mieszkaniowa Wielorodzinna;11;;;;3;41.1;
235;890296123;Wójta Radtkego;1;;Szpital;;Szpital;4;;2010;Nowożytność;3;25.2;
236;708123338;Arkadiusza Rybickiego;2;;Sklep Monopolowy;;Mieszkaniowa Wielorodzinna;5;;;;;21.9;
237;261459249;Wójta Radtkego;;;Straż Pożarna;;Straż Pożarna;5;;1950;Art. Deco;3;21.7;
238;244042557;Hieronima Derdowskiego;4;;;;;;;;;;21.3;
239;261459208;Wójta Radtkego;;;Straż Pożarna;;Straż Pożarna;5;;1950;Art. Deco;3;7.9;
240;244042551;Hieronima Derdowskiego;2;;;;;;;;;;21.1;
241;261459258;Wójta Radtkego;;;Straż Pożarna;;Straż Pożarna;5;;1950;Art. Deco;3;8.0;
242;261459214;;;;;;;;;;;;12.6;
243;261459224;Wójta Radtkego;;;Straż Pożarna;;Straż Pożarna;5;;1950;Art. Deco;3;8.1;
244;261459187;Wójta Radtkego;25;;Usługowa;;;1;;2000;Nowożytność;3;10.5;
245;126897568;Wójta Radtkego;29;;Cukiernia;;Mieszkaniowa Wielorodzinna;8;;1950;Modernizm;2;31.3;
246;126897569;Wójta Radtkego;31;;Handlowa;;Mieszkaniowa Wielorodzinna;7;;1950;Modernizm;3;31.1;
247;126897570;Wójta Radtkego;33;;Handlowa;;Mieszkaniowa Wielorodzinna;7;;1950;Modernizm;3;31.1;
248;126117745;Wójta Radtkego;23;;Żłobek;;Żłobek;2;;2000;Nowożytność;3;13.4;
249;126897571;Wójta Radtkego;35;;Nieużytek;;Mieszkaniowa Wielorodzinna;7;;1950;Modernizm;3;31.0;
250;261459210;;;;;;;;;;;;6.4;
251;261459205;Plac Kaszubski;10;;Szpital;;Szpital;4;;1930;Klasycyzm;3;44.4;
252;126897572;Wójta Radtkego;43;;Restauracja;;Mieszkaniowa Wielorodzinna;5;;1950;Modernizm;3;30.8;
253;126897573;Wójta Radtkego;45;;Spożywcza Mała;;Mieszkaniowa Wielorodzinna;6;;1930;Modernizm;3;31.9;
254;261459203;Wójta Radtkego;1;;Szpital;;Szpital;5;;1990;Nowożytność;3;13.5;
255;261459237;;;;;;;;;;;;6.5;
256;261459234;;;;;;;;;;;;7.8;
257;226567211;;;;Usługowa;;Usługowa;4;;;;;20.8;
258;261459204;;;;Administracja;;Mieszkaniowa Wielorodzinna;6;;1950;Modernizm;2;27.4;
259;126116393;Wójta Radtkego;47;;Usługowa;;Mieszkaniowa Wielorodzinna;6;;1930;Modernizm;3;32.1;
260;261459222;;;;;;;;;;;;6.8;
261;126897567;Wójta Radtkego;47A;;Żabka;;Usługowa;2;;2000;Postmodernizm;2;17.6;
262;126897566;Wójta Radtkego;51;;Apteka;;Mieszkaniowa Wielorodzinna;6;;;;;33.5;
263;126116412;Władysława IV;12-14;;Straż Pożarna;;Straż Pożarna;5;;1950;Art. Deco;3;23.3;
264;261459217;;;;;;;;;;;;20.0;
265;126117744;3 Maja;12;;Handlowa;;Mieszkaniowa Wielorodzinna;8;;1950;Modernizm;2;31.5;
266;261459284;;;;;;;;;;;;14.9;
267;126117749;Wójta Radtkego;9A;;;;;;;;;;21.9;
268;241327983;;;;;;;;;;;;13.6;
269;1226628689;;;;;;;;;;;;12.8;
270;126116395;Wójta Radtkego;53;;Bank;;Mieszkaniowa Wielorodzinna;5;;1920;Klasycyzm;2;34.7;
271;76208008;Antoniego Hryniewickiego;6;;Usługowa;;Mieszkaniowa Wielorodzinna;36;;;;;124.0;
272;126901802;Wójta Radtkego;7A;;;;;;;;;;15.2;
273;126117715;Hieronima Derdowskiego;5;;Żabka;;Mieszkaniowa Wielorodzinna;7;;1990;Nowożytność;3;27.2;
274;261450885;;;;;;;;;;;;27.8;
275;126117747;Władysława IV;7-15;;Biblioteka;;Mieszkaniowa Wielorodzinna;8;;1950;Modernizm;3;35.5;
276;1226628695;Starowiejska;2;;Szpital;;;1;;1930;Klasycyzm;3;15.8;
277;261450894;;;;Centrum Handlowe;;;1;;1950;Modernizm;3;21.9;
278;127110709;Jerzego Waszyngtona;34/36;;Biurowa;;Biurowa;6;;1950;Modernizm;3;25.0;
279;126341140;;;;Sakralna;;;1;;1930;Klasycyzm;3;14.4;
280;261450917;Wójta Radtkego;;;Garaż;;;1;;2000;Nowożytność;2;15.3;
281;1228008637;Jerzego Waszyngtona;15;;Usługowa;;Mieszkaniowa Wielorodzinna;6;;2020;Nowożytność;3;26.2;
282;261459188;Władysława IV;11;;Handlowa;;Mieszkaniowa Wielorodzinna;5;;1950;Modernizm;2;22.1;
283;126452267;Hieronima Derdowskiego;7;;Biurowa;;Biurowa;8;;1950;Modernizm;2;30.6;
284;1228008636;Jerzego Waszyngtona;13A;;Usługowa;;Biurowa;5;;2020;Nowożytność;3;25.2;
285;127110711;Hieronima Derdowskiego;9;;;;;;;;;;24.0;
286;126341139;Hieronima Derdowskiego;11;;;;;;;;;;24.3;
287;261450932;;;;Centrum Handlowe;;;1;;1950;Modernizm;3;23.8;
288;126606386;3 Maja;14;;Centrum Handlowe;;Mieszkaniowa Wielorodzinna;4;;1950;Modernizm;3;25.3;
289;1165461525;;;;;;;;;;;;8.4;
290;261450919;Plac Konstytucji;;;Kiosk;;;1;;2000;Nowożytność;2;28.5;
291;261450909;;;;;;;;;;;;19.8;
292;261450896;Wójta Radtkego;;;Mieszkaniowa Wielorodzinna;;Mieszkaniowa Wielorodzinna;6;;1950;Modernizm;2;27.9;
293;261450898;Wójta Radtkego;;;Garaż;;;1;;2000;Nowożytność;2;10.5;
294;261450895;Wójta Radtkego;;;Serwis Rowerowy;;;1;;2000;Nowożytność;2;15.3;
295;126606382;3 Maja;14A;;Mieszkaniowa Wielorodzinna;;Mieszkaniowa Wielorodzinna;6;;1950;Modernizm;2;29.5;
296;261450888;Wójta Radtkego;;;Garaż;;;1;;2000;Nowożytność;2;11.6;
297;168043153;Wójta Radtkego;;;Garaż;;;1;;2000;Nowożytność;2;11.9;
298;261450923;;;;;;;3;;;;;22.7;
299;227114783;Wójta Radtkego;;;Mieszkaniowa Wielorodzinna;;Mieszkaniowa Wielorodzinna;2;;2000;Nowożytność;2;16.2;
300;168043150;Wójta Radtkego;;;Garaż;;;1;;2000;Nowożytność;2;12.8;
301;126116411;Władysława IV;11A;;Kawiarnia;;Mieszkaniowa Wielorodzinna;5;;1950;Modernizm;2;22.1;
302;890296121;;;;;;;;;;;;7.0;
303;261450905;;;;;;;;;;;;12.8;
304;261450899;Wójta Radtkego;;;Garaż;;;1;;2000;Nowożytność;2;13.3;
305;261450916;;;;;;;;;;;;26.2;
306;261450887;Wójta Radtkego;;;Garaż;;;1;;2000;Nowożytność;2;13.4;
307;261459241;;;;Techniczna;;;1;;2000;Nowożytność;2;10.6;
308;261459251;Starowiejska;;;Garaż;;;1;;2000;Nowożytność;2;8.2;
309;126879282;Starowiejska;8;;Restauracja;;Mieszkaniowa Wielorodzinna;3;;1950;Modernizm;2;17.8;
310;261450911;Wójta Radtkego;;;Usługi;;;1;;2000;Nowożytność;2;12.2;
311;168043152;Wójta Radtkego;;;Garaż;;;1;;2000;Nowożytność;2;12.2;
312;261459243;Starowiejska;;;Garaż;;;1;;2000;Nowożytność;2;8.7;
313;261450926;Wójta Radtkego;;;Usługi;;;1;;2000;Nowożytność;2;12.5;
314;261459213;Starowiejska;8;;Handlowa;;;1;;2000;Nowożytność;2;6.9;
315;261459215;Starowiejska;;;Garaż;;;1;;2000;Nowożytność;2;7.5;
316;261450930;Wójta Radtkego;;;Garaż;;;1;;2000;Nowożytność;2;12.2;
317;126117714;Stefana Żeromskiego;28;;;;;;;;;;26.6;
318;667865525;;;;Handlowa;;;1;;2000;Nowożytność;2;9.7;
319;171756620;Plac Konstytucji;3;;;;;;;;;;25.9;
320;126117713;Świętojańska;1;;;;;;;;;;25.9;
321;168043149;Wójta Radtkego;;;Garaż;;;1;;2000;Nowożytność;2;13.2;
322;273937993;Stefana Żeromskiego;;;Garaż;;;1;;2000;Nowożytność;2;6.6;
323;261459193;;;;;;;;;;;;12.4;
324;261450902;Wójta Radtkego;;;Garaż;;;1;;2000;Nowożytność;2;16.3;
325;261459262;Starowiejska;;;Garaż;;;1;;2000;Nowożytność;2;11.6;
326;261450931;Wójta Radtkego;;;Garaż;;;1;;2000;Nowożytność;2;11.9;
327;1422428137;;;;;;;;;;;;22.3;
328;126879284;Starowiejska;10;;Stokrotka, Drogeria, Usługowa;;;;;;;;25.7;
329;168043151;Wójta Radtkego;;;Serwis Rowerowy;;;1;;2000;Nowożytność;2;16.2;
330;261450913;Wójta Radtkego;;;Handlowa;;;1;;2000;Nowożytność;2;13.7;
331;261459260;Starowiejska;30;;Restauracja;;;2;;1900;Wiejski;3;9.1;
332;126879285;Starowiejska;14;;Restauracja, Delikatesy;;Mieszkaniowa Wielorodzinna;6;;1950;Modernizm;2;27.0;
333;261450929;Wójta Radtkego;;;Garaż;;;1;;2000;Nowożytność;2;11.0;
334;261450924;Wójta Radtkego;;;Garaż;;;1;;2000;Nowożytność;2;10.2;
335;261459191;Starowiejska;40G;;Restauracja;;Restauracja;2;;2000;Nowożytność;3;13.2;
336;126879271;Starowiejska;28;;Restauracja;;Mieszkaniowa Wielorodzinna;5;;1950;Modernizm;2;25.6;
337;126606385;3 Maja;16;;Usługowa;;Mieszkaniowa Wielorodzinna;5;;1950;Modernizm;2;24.6;
338;261450914;;;;;;;;;;;;19.8;
339;261459190;Starowiejska;30;;Restauracja;;Restauracja;2;;1900;Wiejski;3;12.2;
340;126879286;Starowiejska;16;;Piekarnia, Handlowa;;Mieszkaniowa Wielorodzinna;6;;1950;Modernizm;2;27.6;
341;126898883;Starowiejska;20;;Usługowa;;;1;;2000;Nowożytność;2;9.6;
342;261459255;;;;;;;;;;;;7.0;
343;125910013;Stefana Żeromskiego;35;;Mieszkaniowa Wielorodzinna;;Mieszkaniowa Wielorodzinna;7;;1990;Nowożytność;3;27.3;
344;126879270;Starowiejska;26;;Restauracja, Handel;;Mieszkaniowa Wielorodzinna;5;;1950;Modernizm;2;25.9;
345;126879274;Starowiejska;34;;Apteka;;Mieszkaniowa Wielorodzinna;5;;1950;Modernizm;1;28.2;
346;126606380;Starowiejska;40E;;Usługowa;;Usługowa;2;;2000;Nowożytność;3;13.2;
347;126879267;Starowiejska;22;;Handel;;Mieszkaniowa Wielorodzinna;6;;1950;Modernizm;2;24.1;
348;126879268;Starowiejska;24;;Handel;;Mieszkaniowa Wielorodzinna;6;;1950;Modernizm;2;24.3;
349;126879269;Starowiejska;24A;;Piekarnia;;Mieszkaniowa Wielorodzinna;5;;1950;Modernizm;2;26.0;
350;261450893;Wójta Radtkego;;;Garaż;;;1;;2000;Nowożytność;2;16.3;
351;261459230;;;;;;;;;;;;7.3;
352;126452265;Stefana Żeromskiego;30-32;;;;;;;;;;28.3;
353;261450897;Wójta Radtkego;;;Handlowa;;;1;;1950;Modernizm;2;27.3;
354;261459202;;;;Handlowa;;Mieszkaniowa Wielorodzinna;7;;1950;Modernizm;3;31.9;
355;273938006;Jerzego Waszyngtona;38;;Nieużytek;;Nieużytek;3;;1920;Klasycyzm;3;14.9;
356;126391712;Świętojańska;3;;;;;;;;;;26.6;
357;126116388;Starowiejska;28A;;Handlowa;;Mieszkaniowa Wielorodzinna;5;;1950;Modernizm;2;26.3;
358;273938002;Jerzego Waszyngtona;;;Garaż;;;1;;2000;Nowożytność;2;5.3;
359;126879273;Starowiejska;32;;Handlowa;;Mieszkaniowa Wielorodzinna;6;;1950;Modernizm;3;27.5;
360;97222145;Plac Konstytucji;1;;;;;5;;;;;30.5;
361;126117712;Świętojańska;2;;Handlowa;;Mieszkaniowa Wielorodzinna;7;;1950;Modernizm;2;31.6;
362;126879248;Starowiejska;42;;Fryzjer;;Mieszkaniowa Wielorodzinna;6;;1950;Modernizm;3;27.2;
363;126879249;Starowiejska;44;;Restauracja,Fryzjer;;Mieszkaniowa Wielorodzinna;6;;1950;Modernizm;3;27.2;
364;126879250;Starowiejska;46;;Usługowa;;Mieszkaniowa Wielorodzinna;6;;1950;Modernizm;3;27.3;
365;261450882;Starowiejska;60;;Bar;;;1;;2000;Nowożytność;2;19.0;
366;126879251;Starowiejska;48;;Żabka;;Mieszkaniowa Wielorodzinna;6;;1950;Modernizm;3;27.4;
367;261459253;Starowiejska;40C;;Restauracja;;Restauracja;2;;2000;Nowożytność;3;13.4;
368;261459278;Starowiejska;36;;Usługowa;;;1;;1950;Modernizm;3;20.3;
369;261459199;;;;Piekarnia;;;1;;1950;Modernizm;3;26.5;
370;261459287;;;;;;;;;;;;7.6;
371;261459301;Starowiejska;36;;Usługowa;;;1;;1950;Modernizm;3;25.2;
372;1359011754;;;;;;;1;;;;;22.7;
373;126603282;Antoniego Abrahama;3;;Handlowa;;Mieszkaniowa Wielorodzinna;3;;1950;Modernizm;2;20.7;
374;126879252;Starowiejska;50;;Administracja;;Administracja;5;;1950;Modernizm;3;29.6;
375;126879253;Starowiejska;52;;Handlowa;;Mieszkaniowa Wielorodzinna;5;;1950;Modernizm;3;31.8;
376;126879254;Starowiejska;54;;Restauracja,Handlowa;;Mieszkaniowa Wielorodzinna;5;;1930;Modernizm;2;31.8;
377;126879255;Starowiejska;56;;Apteka,Kawiarnia;;Mieszkaniowa Wielorodzinna;7;;1930;Modernizm;3;34.6;
378;273937999;Stefana Żeromskiego;;;Garaż;;;1;;2000;Nowożytność;2;6.9;
379;126117734;Jerzego Waszyngtona;38;;Nieużytek;;Nieużytek;4;;1920;Klasycyzm;3;19.2;
380;126116394;Starowiejska;58;;Centrum Medyczne;;Mieszkaniowa Wielorodzinna;5;;1930;Modernizm;3;33.6;
381;126606154;Starowiejska;1;;Restauracja;;Mieszkaniowa Wielorodzinna;5;;1930;Modernizm;2;25.4;
382;261459221;;;;;;;;;;;;6.6;
383;126879280;Starowiejska;7;;Handlowa,Usługowa;;Mieszkaniowa Wielorodzinna;6;;1930;Modernizm;3;25.7;
384;126879281;Starowiejska;9;;Warzywniak,Handlowal,Usługowa;;Mieszkaniowa Wielorodzinna;5;;1920;Klasycyzm;3;24.0;
385;355434412;Jerzego Waszyngtona;15;;Usługowa;;Usługowa;2;;;;;16.3;
386;273937998;Jerzego Waszyngtona;;;Garaż;;;1;;2000;Nowożytność;2;5.0;
387;126879277;Starowiejska;13-15;;;;;;;;;;28.9;
388;126452264;Stefana Żeromskiego;36;;;;;;;;;;29.0;
389;126117755;Antoniego Abrahama;1;;Apteka, Fryzjer, Kantor;;Mieszkaniowa Wielorodzinna;5;;1950;Modernizm;2;23.9;
390;273938007;Jerzego Waszyngtona;38;;Nieużytek;;Nieużytek;3;;1920;Klasycyzm;3;15.0;
391;260800906;;;;Garaż;;;1;;1980;Nowożytność;2;24.7;
392;126879264;Starowiejska;21;;Fryzjer,Usługowa;;Mieszkaniowa Wielorodzinna;5;;1930;Modernizm;2;26.8;
393;126341132;Starowiejska;11;;Żabka,Kawiarnia,Handel;;Mieszkaniowa Wielorodzinna;5;;1920;Klasycyzm;2;25.4;
394;126879263;Starowiejska;19;;Fryzjer,Handlowa,Nieużytek;;Mieszkaniowa Wielorodzinna;5;;1930;Modernizm;2;24.2;
395;261459194;;;;;;;;;;;;8.4;
396;126879265;Starowiejska;23;;Apteka,Handlowa;;Mieszkaniowa Wielorodzinna;5;;1930;Modernizm;2;26.6;
397;260800925;Starowiejska;;;Garaż;;;1;;1980;Nowożytność;2;21.7;
398;126117752;Starowiejska;17;;Handlowa;;Biurowa;6;;1930;Modernizm;3;27.2;
399;355431246;Jerzego Waszyngtona;15;;Biurowa;;Biurowa;11;;;;;57.5;
400;126391711;Świętojańska;5-7;;;;;;;;;;26.8;
401;261459216;;;;;;;;;;;;6.6;
402;126879260;Starowiejska;29;;Restauracja,Lombarz;;Mieszkaniowa Wielorodzinna;7;;1950;Modernizm;2;28.4;
403;125910015;Stefana Żeromskiego;37;;Mieszkaniowa Wielorodzinna;;Mieszkaniowa Wielorodzinna;7;;;;;27.6;
404;126879261;Starowiejska;31;;Restauracja,Fryzjer;;Mieszkaniowa Wielorodzinna;7;;1950;Modernizm;2;28.6;
405;261450915;3 Maja;17;;Handel;;;1;;1950;Modernizm;2;27.0;
406;126879262;Starowiejska;33;;Usługowa;;Mieszkaniowa Wielorodzinna;7;;1950;Modernizm;2;28.5;
407;126117707;Starowiejska;25;;Stomatolog,Kawiarnia;;Mieszkaniowa Wielorodzinna;5;;1950;Modernizm;2;28.0;
408;126116382;Starowiejska;35;;Handel;;Mieszkaniowa Wielorodzinna;7;;1950;Modernizm;2;28.4;
409;260800502;Starowiejska;;;Mieszkaniowa Jednorodzinna;;Mieszkaniowa Jednorodzinna;2;;1980;Nowożytność;2;12.7;
410;273938004;Stefana Żeromskiego;;;Garaż;;;1;;2000;Nowożytność;2;6.4;
411;126116385;Mściwoja;2;;Żabka,Usługowa;;Mieszkaniowa Wielorodzinna;6;;1950;Modernizm;2;29.3;
412;126117743;Starowiejska;37;;Restauracja,Fryzjer,Bannk;;Mieszkaniowa Wielorodzinna;7;;1930;Modernizm;2;32.2;
413;260800895;;;;Garaż;;;1;;1980;Nowożytność;2;8.0;
414;273937984;Jerzego Waszyngtona;;;Garaż;;;1;;1980;Nowożytność;2;6.5;
415;260800932;Starowiejska;;;Mieszkaniowa Jednorodzinna;;Mieszkaniowa Jednorodzinna;2;;1980;Nowożytność;2;12.0;
416;1228008638;Jerzego Waszyngtona;15;;Usługowa;;Mieszkaniowa Wielorodzinna;6;;2020;Nowożytność;3;26.2;
417;126341133;Władysława IV;19;;Garaż;;;1;;1980;Nowożytność;2;9.2;
418;126606378;3 Maja;18;;Restauracja,Centrum Medyczne;;;1;;1980;Nowożytność;2;25.2;
419;126603285;Antoniego Abrahama;4;;Bar;;Mieszkaniowa Wielorodzinna;4;;1930;Modernizm;2;23.6;
420;1228008634;Jerzego Waszyngtona;13B;;Usługowa;;Biurowa;5;;2020;Nowożytność;3;25.0;
421;260800835;;;;Garaż;;;1;;1980;Nowożytność;2;8.1;
422;261450927;3 Maja;17;;Fryzjer,Usługowa;;Mieszkaniowa Wielorodzinna;6;;1950;Modernizm;2;27.6;
423;126391713;Świętojańska;4/8;;Handlowa, Apteka, Żabka, Cukiernia;;Mieszkaniowa Wielorodzinna;6;;1950;Modernizm;2;26.9;
424;126603590;Zygmunta Augusta;2;;Hostel;;Hostel;2;;1950;Modernizm;3;17.1;
425;260800825;;;;Garaż;;;1;;1980;Nowożytność;2;8.9;
426;1258417589;Zygmunta Augusta;;;Pustka;;Mieszkaniowa Wielorodzinna;6;;20202;Nowożytność;3;26.8;
427;273938003;Stefana Żeromskiego;;;Garaż;;;1;;2000;Nowożytność;2;10.1;
428;1228008635;Jerzego Waszyngtona;13B;;Usługowa;;Biurowa;5;;2020;Nowożytność;3;25.0;
429;180600519;;;;Gimnazjum;;Gimnazjum;4;;1950;Modernizm;2;16.1;
430;261450912;Starowiejska;;;Garaż;;;1;;1980;Nowożytność;2;9.9;
431;273938012;Jerzego Waszyngtona;;;Garaż;;Mieszkaniowa Jednorodzinna;2;;2000;Nowożytność;2;11.3;
432;261459244;;;;;;;;;;;;7.8;
433;1362922764;Jerzego Waszyngtona;13B;;Pustka;;Biurowa;;;2020;Nowożytność;3;21.0;
434;1359011753;;;;Usługowa;;Usługowa;3;;2020;Nowożytność;3;15.7;
435;126879258;Starowiejska;45;;Notariusz;;Centrum Medyczne;6;;1980;Nowożytność;2;32.0;
436;126452263;Kazimierza Pułaskiego;6;;;;;;;;;;33.4;
437;241327979;Antoniego Abrahama;;;Garaż;;;1;;1980;Nowożytność;2;7.2;
438;126879257;Starowiejska;41-43;;Centrum Handlowe;;Centrum Handlowe;6;;2000;Nowożytność;3;36.0;
439;260800635;Antoniego Abrahama;;;Garaż;;;1;;1980;Nowożytność;2;7.7;
440;1322367953;3 Maja;20;;Żabka;;;1;;1980;Nowożytność;2;11.5;
441;126603836;Mściwoja;4/6A;;Mieszkaniowa Wielorodzinna;;Mieszkaniowa Wielorodzinna;12;;1980;Nowożytność;2;43.1;
442;260800855;;;;Garaż;;;1;;1980;Nowożytność;2;9.2;
443;261450889;Starowiejska;45;;Pustka;;Centrum Medyczne;6;;1980;Nowożytność;2;30.6;
444;256348846;;;;;;;;;;;;16.4;
445;126117708;Mściwoja;3;;Bar,Usługowa;;Mieszkaniowa Wielorodzinna;5;;1950;Modernizm;2;25.3;
446;273938001;Stefana Żeromskiego;;;Garaż;;;1;;1980;Nowożytność;2;9.8;
447;126879259;Starowiejska;47;;Usługowa;;Mieszkaniowa Wielorodzinna;6;;1930;Modernizm;3;32.6;
448;126606377;3 Maja;20A;;Garaż;;;1;;1980;Nowożytność;2;11.5;
449;126603284;Antoniego Abrahama;6;;Usługowa;;Mieszkaniowa Wielorodzinna;5;;1930;Modernizm;2;22.4;
450;126117706;Władysława IV;21;;Żabka;;Mieszkaniowa Wielorodzinna;5;;1930;Modernizm;2;25.5;
451;260800892;;;;Garaż;;;1;;1980;Nowożytność;2;9.2;
452;261450907;3 Maja;19;;Usługowa;;Mieszkaniowa Wielorodzinna;6;;1950;Modernizm;2;27.5;
453;355434401;Nabrzeże Prezydenta;;;Usługowa;;Usługowa;2;;;;;14.9;
454;126341129;Antoniego Abrahama;5;;Handlowa;;Mieszkaniowa Wielorodzinna;3;;2000;Nowożytność;3;14.5;
455;126603589;Zygmunta Augusta;4;;Mieszkaniowa Wielorodzinna;;Mieszkaniowa Wielorodzinna;5;;1950;;;21.9;
456;256348844;;;;;;;;;;;;16.0;
457;260800694;Antoniego Abrahama;;;Garaż;;;1;;1980;Nowożytność;2;13.2;
458;261450928;Zgoda;;;Garaż;;;1;;1980;Nowożytność;2;11.4;
459;126391710;Świętojańska;9;;;;;;;;;;27.5;
460;126606387;3 Maja;20;;Usługowa;;;1;;1980;Nowożytność;2;21.7;
461;126341138;Kazimierza Pułaskiego;8;;;;;;;;;;33.1;
462;260800840;;;;Garaż;;;1;;1980;Nowożytność;2;10.1;
463;125910021;Jerzego Waszyngtona;42;;Instytut Meteorologii;;Instytut Meteorologii;6;;1950;Modernizm;3;32.3;
464;261450891;3 Maja;;;Garaż;;;1;;1980;Nowożytność;2;10.5;
465;241327987;Antoniego Abrahama;;;Garaż;;;1;;1980;Nowożytność;2;7.2;
466;126603835;Mściwoja;4/6B;;Mieszkaniowa Wielorodzinna;;Mieszkaniowa Wielorodzinna;12;;1980;Nowożytność;2;43.2;
467;261450901;Dworcowa;;;Garaż;;;1;;1980;Nowożytność;2;14.5;
468;355431245;Jerzego Waszyngtona;19;;Hotel;;Hotel;9;;;;;39.0;
469;358803296;Zygmunta Augusta;3;;Usługowa,Barber;;Mieszkaniowa Wielorodzinna;8;;2020;Nowożytność;3;32.2;
470;125910017;Stefana Żeromskiego;39;;Przychodnia;;Mieszkaniowa Wielorodzinna;7;;1990;Nowożytność;2;28.2;
471;261450922;10 Lutego;;;Garaż;;;1;;1980;Nowożytność;2;11.4;
472;260800809;;;;Mieszkaniowa Jednorodzinna;;Mieszkaniowa Jednorodzinna;2;;1980;Nowożytność;2;13.9;
473;261450908;Zgoda;;;Techniczna;;;1;;1980;Nowożytność;2;30.4;
474;125910018;Kazimierza Pułaskiego;2;;Mieszkaniowa Wielorodzinna;;Mieszkaniowa Wielorodzinna;4;;1950;Modernizm;3;21.4;
475;261450881;Mściwoja;5;;Klub Bilardowy;;Mieszkaniowa Wielorodzinna;6;;1950;Modernizm;2;25.4;
476;126603281;Antoniego Abrahama;7;;Restauracja;;;1;;2000;Nowożytność;2;18.6;
477;241327988;Świętojańska;;;Garaż;;;1;;1980;Nowożytność;2;8.0;
478;126341130;Antoniego Abrahama;8;;Nieużytek;;;1;;1980;Nowożytność;1;19.3;
479;261450921;10 Lutego;;;Garaż;;;1;;1980;Nowożytność;2;11.6;
480;126603950;Zgoda;8;;Spółdzielnia Mieszkaniowa;;Spółdzielnia Mieszkaniowa;8;;1930;Modernizm;3;35.8;
481;126116383;3 Maja;21;;Restauracja;;Mieszkaniowa Wielorodzinna;5;;1930;Modernizm;2;27.2;
482;126603834;Mściwoja;4/6C;;Mieszkaniowa Wielorodzinna;;Mieszkaniowa Wielorodzinna;12;;1980;Nowożytność;2;43.2;
483;241327985;Antoniego Abrahama;;;Garaż;;;1;;1980;Nowożytność;2;7.9;
484;126603949;Zgoda;6;;Mieszkaniowa Wielorodzinna;;Mieszkaniowa Wielorodzinna;5;;1930;Artdeco;2;27.4;
485;126116384;Zgoda;10;;Pub;;Mieszkaniowa Wielorodzinna;5;;1930;Modernizm;2;27.3;
486;126603948;Zgoda;4;;Mieszkaniowa Wielorodzinna;;Mieszkaniowa Wielorodzinna;5;;1930;Artdeco;2;27.4;
487;126391717;Świętojańska;10;;Piekarnia, Handel;;Mieszkaniowa Wielorodzinna;5;;1930;Klasycyzm;2;23.7;
488;126117741;Dworcowa;9;;Lombard,Restauracja;;;1;;1980;Nowożytność;2;27.6;
489;260800929;;;;Mieszkaniowa Jednorodzinna;;;1;;1980;Nowożytność;2;10.0;
490;126357869;Władysława IV;24;Użyteczność publiczna;Zus;;Zus;5;;1980;Postmodernizm;3;26.0;
491;261450903;Dworcowa;;;Garaż;;;1;;1980;Nowożytność;2;23.7;
492;126603280;Antoniego Abrahama;9;;Usługowa;;Mieszkaniowa Wielorodzinna;6;;1930;Modernizm;2;25.1;
493;126603293;Antoniego Abrahama;10;;Handlowa;;Mieszkaniowa Wielorodzinna;5;;1930;Modernizm;2;23.5;
494;256348843;;;;;;;3;;;;;26.0;
495;126357867;10 Lutego;26;;Gimnazjum;;Gimnazjum;4;;1930;Klasycyzm;2;27.6;
496;241327984;Świętojańska;;;Garaż;;;1;;1980;Nowożytność;2;8.0;
497;260676391;;;;;;;;;;;;8.0;
498;126116377;3 Maja;22/24;;Handlowa;;Mieszkaniowa Wielorodzinna;6;;1930;Modernizm;2;32.5;
499;126603719;Mściwoja;7;;Usługowa;;Usługowa;4;;1980;Nowożytność;3;18.7;
500;1322588558;;;;;;;;;;;;16.9;
501;126603588;Zygmunta Augusta;6;;Centrum Medyczne;;Mieszkaniowa Wielorodzinna;5;;1950;Modernizm;3;25.4;
502;261459267;Antoniego Abrahama;;;Garaż;;;1;;1980;Nowożytność;2;7.9;
503;126391718;Świętojańska;12;;Nieużytek;;Mieszkaniowa Wielorodzinna;6;;1930;Klasycyzm;3;27.2;
504;1258417579;;;;Usługowa;;;1;;1980;Nowożytność;2;8.5;
505;127268559;Dworcowa;11;;Piekarnia,Handel;;Mieszkaniowa Wielorodzinna;6;;1930;Modernizm;2;32.4;
506;126603732;Władysława IV;23;;Usłigowa;;Mieszkaniowa Wielorodzinna;5;;1930;Modernizm;2;26.3;
507;126391726;Świętojańska;11;;;;;;;;;;25.2;
508;261459276;Antoniego Abrahama;;;Garaż;;;1;;1980;Nowożytność;2;8.1;
509;261450883;;;;;;;;;;;;17.7;
510;126452262;Kazimierza Pułaskiego;7;;;;;;;;;;24.3;
511;1083186701;Kazimierza Pułaskiego;3;;;;;;;;;;24.7;
512;273937987;;;;;;;;;;;;23.5;
513;126603292;Antoniego Abrahama;12;;Handlowa,Restauracja;;;1;;1980;Nowożytność;2;18.0;
514;126603279;Antoniego Abrahama;11;;Restauracja;;Mieszkaniowa Wielorodzinna;5;;1930;Modernizm;2;24.3;
515;125910023;;;;;;;;;;;;25.4;
516;241327981;Świętojańska;;;Garaż;;;1;;1980;Nowożytność;2;9.0;
517;126603579;Zygmunta Augusta;9;;Usługowa;;Mieszkaniowa Wielorodzinna;5;;1930;Modernizm;2;24.1;
518;126116379;Zgoda;11;;Gabinet Spa;;Mieszkaniowa Wielorodzinna;6;;1920;Klasycyzm;2;30.7;
519;126603947;Zgoda;9;;Mieszkaniowa Wielorodzinna;;Mieszkaniowa Wielorodzinna;6;;1920;Klasycyzm;2;29.6;
520;126603946;Zgoda;7;;Mieszkaniowa Wielorodzinna;;Mieszkaniowa Wielorodzinna;6;;1920;Klasycyzm;2;30.7;
521;126603945;Zgoda;5;;Mieszkaniowa Wielorodzinna;;Mieszkaniowa Wielorodzinna;6;;1920;Klasycyzm;2;30.2;
522;126603944;Zgoda;3;;SexShop;;Mieszkaniowa Wielorodzinna;6;;1920;Klasycyzm;2;29.4;
523;260800924;;;;Garaż;;;1;;1980;Nowożytność;2;18.0;
524;126603943;Zgoda;1;;Mieszkaniowa Wielorodzinna;;Mieszkaniowa Wielorodzinna;6;;1920;Klasycyzm;2;30.7;
525;126116378;Zgoda;13;;Fryzjer,Biuro_Nieruchomosci;;Mieszkaniowa Wielorodzinna;6;;1930;Modernizm;;29.5;
526;241327986;Antoniego Abrahama;;;Garaż;;;1;;1980;Nowożytność;2;8.6;
527;197168519;;;;;;;;;;;;7.6;
528;197168518;;;;;;;;;;;;7.7;
529;126452261;Kazimierza Pułaskiego;1;;;;;;;;;;11.3;
530;260800938;Antoniego Abrahama;16;;Aparthotel;;Aparthotel;4;;1980;Nowożytność;2;18.5;
531;126603723;Władysława IV;28;;Kawiarnia,Usługowa;;Mieszkaniowa Wielorodzinna;6;;1930;Modernizm;2;28.4;
532;225142932;Mściwoja;;;Garaż;;;1;;1980;Nowożytność;2;10.4;
533;126391719;Świętojańska;14;;Usługi,Fryzjer;;Mieszkaniowa Wielorodzinna;6;;1930;Wertykalizm;2;28.7;
534;241327978;Świętojańska;;;Mieszkaniowa Jednorodzinna;;Mieszkaniowa Jednorodzinna;2;;1980;Nowożytność;2;12.2;
535;1217373828;;;;;;;1;;;;;7.6;
536;126603294;Antoniego Abrahama;14;;Cukiernia;;;1;;1980;Nowożytność;2;11.3;
537;126117709;Mściwoja;9;;Restauracja,Biurowa;;Mieszkaniowa Wielorodzinna;6;;1950;Modernizm;2;29.2;
538;126391728;Świętojańska;13;;;;;;;;;;25.4;
539;260800937;;;;Mieszkaniowa Wielorodzinna;;Mieszkaniowa Wielorodzinna;4;;1980;Nowożytność;2;21.4;
540;225142933;Władysława IV;;;Garaż;;;1;;1980;Nowożytność;2;10.6;
541;260800539;Antoniego Abrahama;16;;Aparthotel;;Aparthotel;4;;1980;Nowożytność;2;18.9;
542;126603773;Mściwoja;10;;Centrum Medyczne,Handel;;Mieszkaniowa Wielorodzinna;5;;1930;Modernizm;2;27.4;
543;241327982;Świętojańska;;;Garaż;;;1;;1980;Nowożytność;2;8.8;
544;430300213;Antoniego Abrahama;13;;Żabka;;Hotel;6;;2020;Nowożytność;3;27.2;
545;261459270;Kazimierza Pułaskiego;7A;;;;;;;;;;7.5;
546;261459239;Kazimierza Pułaskiego;7B;;;;;;;;;;7.5;
547;225562561;;;;;;;;;;;;8.0;
548;261459209;Kazimierza Pułaskiego;7C;;;;;;;;;;7.6;
549;261459232;Kazimierza Pułaskiego;7D;;;;;;;;;;7.6;
550;125910029;Stefana Żeromskiego;40-42;;;;;;;;;;25.0;
551;261459248;Kazimierza Pułaskiego;7E;;;;;;;;;;7.7;
552;261459211;Kazimierza Pułaskiego;7F;;;;;;;;;;7.8;
553;261459231;Kazimierza Pułaskiego;7G;;;;;;;;;;7.6;
554;261459240;Kazimierza Pułaskiego;7H;;;;;;;;;;7.6;
555;126341137;Antoniego Abrahama;16;;Kantor;;;1;;1980;Nowożytność;2;24.6;
556;261459223;Kazimierza Pułaskiego;7I;;;;;;;;;;7.6;
557;261459236;Kazimierza Pułaskiego;7J;;;;;;;;;;7.6;
558;126452270;Stefana Żeromskiego;45;;;;;;;;;;26.7;
559;261459273;Kazimierza Pułaskiego;7K;;;;;;;;;;13.5;
560;126603578;Zygmunta Augusta;11;;Biurowa;;Biurowa;6;;1980;Nowożytność;2;33.3;
561;127268557;10 Lutego;32;;Żabka,Handel,Kebab;;Mieszkaniowa Wielorodzinna;6;;1950;Modernizm;3;32.3;
562;126603720;Władysława IV;30A;;Pub;;Mieszkaniowa Wielorodzinna;5;;1930;Artdeco;2;26.5;
563;126603722;Władysława IV;30;;Nieużytek;;Usługowa;3;;1980;Postmodernizm;2;23.8;
564;260676025;Kazimierza Pułaskiego;3H;;;;;;;;;;5.7;
565;126357865;Szkolna;10;;Usługowa;;Mieszkaniowa Wielorodzinna;5;;1950;Modernizm;3;28.7;
566;126357866;10 Lutego;30;;Handel, Kebab;;Mieszkaniowa Wielorodzinna;5;;1950;Modernizm;3;33.2;
567;261459247;;;;;;;;;;;;8.3;
568;260676189;Kazimierza Pułaskiego;3A;;;;;;;;;;5.7;
569;126391730;Świętojańska;13A;;;;;;;;;;27.5;
570;260676165;Kazimierza Pułaskiego;3I;;;;;;;;;;5.7;
571;261459256;;;;;;;;;;;;14.5;
572;126391720;Świętojańska;16;;Apteka;;Mieszkaniowa Wielorodzinna;5;;1930;Wertykalizm;2;24.9;
573;260676206;Kazimierza Pułaskiego;3B;;;;;;;;;;5.7;
574;126596730;10 Lutego;28;;Restauracja;;;1;;2000;Nowożytność;3;27.1;
575;254762570;;;;Handel;;;1;;2000;Nowożytność;2;14.5;
576;594932574;10 Lutego;;;SexShop;;;1;;2000;Nowożytność;3;27.5;
577;260676106;Kazimierza Pułaskiego;3J;;;;;;;;;;5.7;
578;594932576;10 Lutego;;;Nieużytek;;;1;;2000;Nowożytność;1;14.3;
579;260676153;Kazimierza Pułaskiego;3C;;;;;;;;;;5.7;
580;126116376;10 Lutego;24;;Informacja Turystyczna;;Urząd Miasta;6;;1930;Modernizm;3;39.5;
581;126341136;Antoniego Abrahama;18;;Restauracja,Handlowa;;Mieszkaniowa Wielorodzinna;5;;1930;Modernizm;2;28.8;
582;260800916;;;;Poczta;;Poczta;4;;1950;Modernizm;2;28.0;
583;254762579;10 Lutego;18A;;Kawiarnia,Bank;;Mieszkaniowa Wielorodzinna;6;;2020;Nowożytność;3;36.3;
584;260676038;Kazimierza Pułaskiego;3K;;;;;;;;;;5.7;
585;261459299;Świętojańska;;;Mieszkaniowa Jednorodzinna;;Mieszkaniowa Jednorodzinna;2;;1980;Nowożytność;2;12.3;
586;126606389;10 Lutego;22;;Hotel;;Hotel;3;;1920;Klasycyzm;3;27.1;
587;260676166;Kazimierza Pułaskiego;3D;;;;;;;;;;5.7;
588;183357990;;;;;;;;;;;;6.0;
589;126452269;Stefana Żeromskiego;47;;;;;;;;;;25.8;
590;261459264;;;;;;;;;;;;6.8;
591;260676199;Kazimierza Pułaskiego;3L;;;;;;;;;;5.7;
592;261459227;;;;;;;;;;;;10.4;
593;261459283;;;;;;;;;;;;9.8;
594;126341128;Antoniego Abrahama;15;;Usługowa;;Mieszkaniowa Wielorodzinna;5;;2020;Nowożytność;3;26.1;
595;125910028;Świętojańska;15;;;;;;;;;;28.6;
596;260676020;Kazimierza Pułaskiego;3E;;;;;;;;;;5.7;
597;261459257;;;;;;;;;;;;9.0;
598;260676035;Kazimierza Pułaskiego;3F;;;;;;;;;;5.6;
599;260676112;;;;;;;;;;;;7.0;
600;125925813;;;;;;;;;;;;28.2;
601;261459296;;;;;;;;;;;;23.7;
602;260800500;Antoniego Abrahama;14;;Pizzeria;;Mieszkaniowa Wielorodzinna;5;;1930;Klasycyzm;2;24.6;
603;126341134;10 Lutego;16;;Galeria Handlowa;;Galeria Handlowa;6;;1980;Nowożytność;3;32.4;
604;261459300;;;;;;;;;;;;18.6;
605;261459292;;;;;;;;;;;;12.9;
606;261459295;;;;;;;;;;;;12.2;
607;126341124;Świętojańska;18;;Delikatesy;;;1;;1980;Nowożytność;2;11.1;
608;126116381;10 Lutego;18;;Nieużytek;;Nieużytek;3;;1930;Klasycyzm;2;21.0;
609;227955719;;;;;;;5;;;;;27.9;
610;1322365702;;;;Manufaktura_Czekolady;;;1;;2020;Nowożytność;3;18.4;
611;125925826;Skwer Tadeusza Kościuszki;20;;;;;5;;;;;25.5;
612;126117751;10 Lutego;10;Użyteczność publiczna;Poczta;;Poczta;4;;1920;Klasycyzm;3;31.8;
613;125910026;;;;;;;6;;;;;30.1;
614;260800738;;;;Restauracja,Usługowa;;Mieszkaniowa_Wielorodzinna;5;;1920;Klasycyzm;2;24.7;
615;126117711;Świętojańska;18;;Restauracja,Cukiernia;;Mieszkaniowa_Wielorodzinna;0;;1930;Modernizm;2;27.2;
616;126341127;Antoniego Abrahama;17;;Usługowa;;Mieszkaniowa_Wielorodzinna;5;;1930;Modernizm;2;27.4;
617;126341135;10 Lutego;8;;Bank;;Bank;6;;1920;Klasycyzm;2;29.3;
618;261459275;;;;;;;;;;;;27.9;
619;261459266;;;;;;;;;;;;28.1;
620;125925820;Skwer Tadeusza Kościuszki;14;;;;;6;;;;;26.2;
621;260800777;;;;Mieszkaniowa Jednorodzinna;;Mieszkaniowa Jednorodzinna;2;;1980;Nowożytność;2;12.2;
622;125925825;Skwer Tadeusza Kościuszki;18;;;;;6;;;;;28.4;
623;230813017;;;;;;;;;;;;24.7;
624;125925822;Skwer Tadeusza Kościuszki;16;;;;;6;;;;;30.0;
625;261459298;;;;;;;;;;;;29.8;
626;261459200;;;;;;;;;;;;29.0;
627;126452268;;;;;;;6;;;;;28.9;
628;260800511;Antoniego Abrahama;22;;Kantor;;;1;;1980;Nowożytność;2;22.6;
629;261459272;Świętojańska;20;;Garaż;;;1;;1980;Nowożytność;2;25.0;
630;260800923;10 Lutego;;;Kebab;;;1;;1980;Nowożytność;2;26.3;
631;126341125;10 Lutego;2A;;Drogeria;;Handlowa;2;;1980;Nowożytność;2;14.3;
632;228112086;Świętojańska;20;;Cukiernia;;;1;;2000;Nowożytność;2;24.4;
633;126596719;10 Lutego;6B;;Kantor;;;1;;1980;Nowożytność;2;14.5;
634;126596718;10 Lutego;6A;;Handlowa;;Mieszkaniowa Jednorodzinna;3;;1920;Klasycyzm;2;19.1;
635;241327977;Antoniego Abrahama;19;;Handlowa;;;1;;1980;Nowożytność;2;20.0;
636;126116375;10 Lutego;37;;Handlowa Zdrowie, Fryzjer, Usługowa Pośrednictwo Pracy;;Hotel;6;;1930;Klasycyzm;2;31.5;
637;126341123;10 Lutego;4;;Handlowa;;Mieszkaniowa Wielorodzinna;4;;1930;Klasycyzm;2;20.0;
638;254762572;;;;Usługowa Kursy;;Usługowa Kursy;2;;1980;Nowożytność;2;29.4;
639;228113855;;;Gastronomia;Lodziarnia;;;1;;2000;Nowożytność;3;9.9;
640;126596728;10 Lutego;35;;Handlowa Odzież Starocie;;;;;1920;ArtDeco;2;32.4;
641;126596727;10 Lutego;35A;;Handlowa Odzież;;;;;1920;ArtDeco;2;32.6;
642;126341126;10 Lutego;2;;Handlowa;;Nieużytek;2;;1910;Klasycyzm;3;15.3;
643;17488128;10 Lutego;39;;Prokuratura;;Prokuratura;3;;1920;Klasycyzm;3;23.6;
644;517895082;;;;Kasa biletowa;;;;;2000;Nowożytność;3;5.6;
645;126106133;10 Lutego;31;;Nieużytek;;Mieszkaniowa Wielorodzinna;8;;1950;Modernizm;3;40.2;
646;260800718;;;;;;;;;;;;35.2;
647;260800805;;;;;;;;;;;;35.2;
648;260800812;;;;Usługowa Energetyczna;;Urząd Miasta;6;;1950;Modernizm;2;35.2;
649;126596725;10 Lutego;29;;Mieszkaniowa Wielorodzinna;;Mieszkaniowa Wielorodzinna;5;;1920;Klasycyzm;2;33.5;
650;126357617;10 Lutego;33;;;;;;;;;;35.3;
651;126596723;10 Lutego;25;;Piekarnia, Usłuowa Zegarmistrz;;Mieszkaniowa Wielorodzinna;5;;1930;Artdeco;2;31.2;
652;260800699;;;;Usługowa Energetyczna;;Urząd Miasta;6;;1950;Modernizm;2;33.9;
653;260800844;;;;Usługowa Energetyczna;;Urząd Miasta;6;;1950;Modernizm;2;33.9;
654;260800685;;;;Garaż;;;1;;1980;Nowożytność;2;14.2;
655;260800807;;;;Prokuratura;;;1;;1920;Klasycyzm;3;21.9;
656;126596720;10 Lutego;19;;Piekarnia;;Mieszkaniowa Wielorodzinna;6;;1920;Klasycyzm;3;30.7;
657;126596724;10 Lutego;27;;Cukiernia;;Mieszkaniowa Wielorodzinna;6;;1930;Modernizm;2;32.0;
658;126596722;10 Lutego;23;;Bar,Handel Jubiler,Usługowy Zdrowie;;Mieszkaniowa Wielorodzinna;6;;1930;Artdeco;2;30.0;
659;260800783;;;;Garaż;;;1;;1980;Nowożytność;2;14.2;
660;260800557;;;;Usługowa;;Usługowa;2;;1950;Modernizm;2;28.4;
661;126596721;10 Lutego;21;;Przychodnia, Kawiarnia;;Mieszkaniowa Wielorodzinna;6;;1930;Artdeco;2;30.5;
662;260800615;;;;Centrum Handlowe;;Centrum Handlowe;6;;1990;Nowożytność;3;30.1;
663;260800702;;;;Usługowa;;;1;;1950;Modernizm;2;18.0;
664;260800600;;;;Centrum Handlowe;;Centrum Handlowe;6;;1990;Nowożytność;3;33.6;
665;260800674;;;;;;;;;;;;33.3;
666;260800654;;;;Restauracja;;;1;;1920;Klasycyzm;3;29.5;
667;260800914;;;;;;;;;;;;13.8;
668;125988090;Władysława IV;32;;Handlowa Kwiaty,Żabka;;Mieszkaniowa Wielorodzinna;11;;1980;Nowożytność;2;46.2;
669;260800829;Władysława IV;32;;Handlowa Kwiaty,Żabka;;Mieszkaniowa Wielorodzinna;11;;1980;Nowożytność;2;43.1;
670;260800824;;;;Klub Muzyczny;;Klub Muzyczny;2;;1930;Klasycyzm;3;15.5;
671;126341122;10 Lutego;9;;Delikatesy;;Delikatesy;2;;1930;Klasycyzm;2;17.2;
672;260800733;;;;;;;1;;;;;14.3;
673;260800587;;;;Centrum Handlowe;;Centrum Handlowe;6;;1990;Nowożytność;3;28.0;
674;260800828;;;;;;;;;;;;15.5;
675;126596729;10 Lutego;29A;;Pensjonat;;Pensjonat;3;;1920;Klasycyzm;2;21.4;
676;169077889;;;;Garaż;;;1;;2000;Nowożytność;2;13.7;
677;260800921;;;;Garaż;;;1;;1980;Nowożytność;2;14.0;
678;126340881;10 Lutego;5;;Apteka,Żabka;;Biurowa;6;;1950;Modernizm;2;31.7;
679;260800806;;;;Garaż;;;1;;1980;Nowożytność;2;13.8;
680;126596733;3 Maja;28;;Klub Muzyczny;;Klub Muzyczny;2;;1930;Klasycyzm;3;20.9;
681;260800930;;;;Garaż;;;1;;1980;Nowożytność;2;13.9;
682;260800704;Władysława IV;32;;Mieszkaniowa Wielorodzinna;;Mieszkaniowa Wielorodzinna;11;;1980;Nowożytność;2;46.4;
683;126341120;;;;Handlowa Ubrania,Restauracja,Jubiler,Perfumeria,Bukmacher;;Mieszkaniowa Wielorodzinna;3;;1930;Modernizm;2;19.7;
684;166409075;;;;Restauracja,Handel Pamiątki;;;1;;1990;Nowożytność;3;6.9;
685;126357616;3 Maja;32;;Klub Muzyczny;;Klub Muzyczny;2;;1930;Klasycyzm;3;19.0;
686;166409078;Aleja Jana Pawła II;12a;;Restauracja,Handel Pamiątki;;;1;;1990;Nowożytność;3;6.9;
687;260800641;;;;Garaż;;;1;;1980;Nowożytność;2;14.1;
688;205937639;;;;Garaż;;;1;;1980;Nowożytność;2;17.8;
689;166409077;Aleja Jana Pawła II;12b;;Restauracja,Handel Pamiątki;;;1;;1990;Nowożytność;3;6.9;
690;260676285;;;;;;;;;;;;20.1;
691;260800735;;;;Garaż;;;1;;1980;Nowożytność;2;13.8;
692;227135327;;;;Garaż;;;1;;1980;Nowożytność;2;13.7;
693;260676053;;;;;;;;;;;;20.1;
694;260676277;;;;;;;;;;;;8.1;
695;205304476;;;;Żabka;;;1;;2000;Nowożytność;2;11.6;
696;260800845;;;;nic;;;;;;;;15.6;
697;126343898;Władysława IV;34;;Restauracja,Kancelaria Adwokacka;;Mieszkaniowa Wielorodzinna;11;;1980;Nowożytność;2;46.5;
698;126340882;Antoniego Abrahama;23;;Bar,Pub,Piekarnia,Usługi Szefc;;Mieszkaniowa Wielorodzinna;4;;1950;Modernizm;2;20.9;
699;49803784;Aleja Jana Pawła II;2;;Restauracja;;Restauracj;2;;1970;Modernizm;3;14.2;
700;260800678;;;;;;;;;;;;11.4;
701;260800817;;;;Garaż;;;1;;1980;Nowożytność;2;17.9;
702;260800949;;;;Garaż;;;1;;1980;Nowożytność;2;13.9;
703;158334336;10 Lutego;11;;Centrum Handlowe;;Centrum Handlowe;6;;1990;Nowożytność;3;33.7;
704;1483437271;3 Maja;27;;Restauracja,Urząd Miasta;;Mieszkaniowa Wielorodzinna;9;;1930;Modernizm;3;39.9;
705;265385591;;;;;;;;;;;;12.2;
706;166408887;;;;Restauracja;;;1;;2000;Nowożytność;2;6.2;
707;260800645;Władysława IV;34;;Mieszkaniowa Wielorodzinna;;Mieszkaniowa Wielorodzinna;11;;1980;Nowożytność;2;46.5;
708;260800872;;;;Techniczna;;;1;;1980;Nowożytność;2;14.0;
709;265385592;;;;;;;;;;;;12.2;
710;260800820;Stefana Batorego;28-30;;Biurowa;;Biurowa;9;;1980;Postmodernizm;3;43.5;
711;126357614;Stefana Batorego;28-30;;Biurowa, Usługowa Medyczna;;Biurowa;9;;1980;Postmodernizm;3;44.3;
712;205937638;;;;Garaż;;;1;;1980;Nowożytność;2;17.4;
713;260800830;;;;Centrum Handlowe;;Centrum Handlowe;6;;1990;Nowożytność;3;27.4;
714;126340883;Antoniego Abrahama;25;;Galeria Sztuki,Fryzjer;;Biurow Rachunkowe;4;;1930;Klasycyzm;2;24.6;
715;260800816;;;;;;;;;;;;36.8;
716;126340879;Antoniego Abrahama;26;;Restauracja,Kebab;;Biurowa;5;;1950;Modernizm;2;29.9;
717;260676294;;;;;;;;;;;;14.8;
718;260800753;;;;Techniczna;;;1;;2000;Nowożytność;2;14.0;
719;125910033;Skwer Tadeusza Kościuszki;19;;;;;7;;;;;33.8;
720;125925875;Świętojańska;17;;;;;8;;;;;36.5;
721;125925811;Skwer Tadeusza Kościuszki;17;;;;;7;;;;;36.5;
722;260800707;Władysława IV;36b;;Mieszkaniowa Wielorodzinna;;Mieszkaniowa Wielorodzinna;11;;1980;Nowożytność;2;14.0;
723;125925810;Skwer Tadeusza Kościuszki;15;;;;;8;;;;;40.4;
724;126343897;Władysława IV;36;;Nieużytek;;Mieszkaniowa Wielorodzinna;11;;1980;Nowożytność;2;46.5;
725;1226631779;;;;;;;6;;;;;38.8;
726;260800785;;;;;;;;;;;;33.6;
727;260675963;;;;;;;;;;;;15.4;
728;126343902;;;;;;;6;;;;;35.3;
729;260676257;;;;;;;;;;;;14.6;
730;260676232;;;;;;;;;;;;14.6;
731;126343905;Stefana Batorego;24;;;;;6;;;;;33.8;
732;260676161;;;;;;;;;;;;14.6;
733;260676291;;;;;;;;;;;;14.7;
734;125925879;Świętojańska;19;;;;;8;;;;;34.5;
735;126340887;Antoniego Abrahama;27;;Kwiaciarnia,Usługi SerwisAGD;;Mieszkaniowa Wielorodzinna;6;;1930;Modernizm;2;27.6;
736;226083717;Świętojańska;30;;;;;2;;;;;17.6;
737;260676398;;;;;;;;;;;;11.7;
738;260676224;;;;Mieszkaniowa Wielorodzinna;;Mieszkaniowa Wielorodzinna;5;;1930;Modernizm;2;28.2;
739;260800913;;;;Pustka;;Centrum Handlowe;6;;1990;Nowożytność;3;32.2;
740;126340878;Antoniego Abrahama;28;;Usługi Medyczne,Usługi GSM,Handel Ubrania;;Mieszkaniowa Wielorodzinna;5;;1950;Modernizm;2;29.0;
741;260800964;;;;Centrum Handlowe;;Centrum Handlowe;6;;1990;Nowożytność;3;28.4;
742;260800717;;;;;;;;;;;;10.3;
743;197167402;Stefana Batorego;4;;Piekarnia,Bank,Fryzjer;;Mieszkaniowa Wielorodzinna;7;;1950;Modernizm;2;34.2;
744;126340885;Antoniego Abrahama;27A;;Pustka;;Mieszkaniowa Wielorodzinna;5;;1930;Modernizm;2;28.2;
745;260676339;;;;;;;;;;;;18.0;
746;260800959;;;;;;;;;;;;12.5;
747;125925881;Świętojańska;21;;;;;4;;;;;29.7;
748;395960036;Skwer Tadeusza Kościuszki;;;;;;10;;;;;42.7;
749;205121763;;;;;;;;;;;;13.2;
750;255891589;;;;;;;;;;;;11.2;
751;126116420;Antoniego Abrahama;29;;Handel Ubrania;;Kancelarnia Notarialna, Mieszkaniowa Wielorodzinna;6;;1930;Modernizm;2;28.7;
752;260800796;;;;Garaż;;;1;;1980;Nowożytność;2;17.4;
753;260800628;;;;Techniczna;;;1;;1980;Nowożytność;2;28.7;
754;126116373;Stefana Batorego;23;;Dentysta;;Biurowa;5;;1950;Modernizm;2;30.1;
755;126357612;Stefana Batorego;25;;Garaż;;;1;;1980;Nowożytność;2;17.1;
756;261459294;;;;;;;;;;;;11.2;
757;1426045581;3 Maja;30;;Nieużytek;;Mieszkaniowa Wielorodzinna;7;;2020;Nowożytność;3;31.4;
758;260676350;;;;;;;;;;;;22.4;
759;260800856;;;;Garaż;;;1;;1980;Nowożytność;2;29.1;
760;260676240;;;;;;;;;;;;11.2;
761;594963940;Stefana Batorego;9;;Żabka,Usługi Medyczne;;Mieszkaniowa Wielorodzinna;7;;2020;Nowożytność;3;33.8;
762;261459189;Świętojańska;23;;;;;6;;;;;32.8;
763;260800862;;;;;;;1;;;;;17.4;
764;126171437;Świętojańska;32;;;;;6;;;;;32.0;
765;126343908;Armii Krajowej;46;Użyteczność publiczna;Kościół;;Kościół;2;;1960;modernizm;3;41.6;
766;125910032;Zygmuntowska;4;;;;;;;;;;34.7;
767;1322588532;;;;;;;7;;;;;40.5;
768;205937637;;;;Garaż;;;1;;1980;Nowożytność;2;17.3;
769;260800814;;;;Bar;;;1;;1980;Nowożytność;2;17.8;
770;205304480;;;;;;;;;;;;14.6;
771;517888440;Stefana Batorego;7;;Usługi Medyczne;;Mieszkaniowa Wielorodzinna;7;;2020;Nowożytność;3;33.2;
772;166016908;;;;Garaż;;;1;;1980;Nowożytność;2;17.7;
773;1226473535;;;;Parkingowa;;;1;;2000;Nowożytność;2;12.2;
774;49803787;Aleja Jana Pawła II;1;;Muzeum,Biurowa;;Muzeum,Biurowa;4;;1970;Modernizm;2;19.3;
775;260676102;;;;;;;;;;;;28.4;
776;126171438;Świętojańska;34;;;;;5;;;;;29.6;
777;125988091;Władysława IV;38;;Usługowa Maeyczna,Fryzjer,Drogeria,Handlowa Nieruchomości;;Mieszkaniowa Wielorodzinna;6;;1930;Klasycyzm;2;32.5;
778;260800854;;;;Garaż;;;1;;1980;Nowożytność;2;17.7;
779;1354786298;;;;;;;;;;;;8.7;
780;260676308;;;;;;;;;;;;28.4;
781;260676210;;;;Kościół;;;1;;1960;Modernizm;2;28.2;
782;594963939;;;;Garaż;;;1;;1980;Nowożytność;2;15.9;
783;399194268;;;;Przychodnia;;;1;;1980;Nowożytność;1;27.5;
784;260676041;;;;;;;;;;;;17.0;
785;49803779;Aleja Jana Pawła II;3;;Uniwersytet,Planetarium;;Uniwersytet,Planetarium;5;;1950;Modernizm;3;20.9;
786;281417038;;;;Muzeum;;;1;;1970;Modernizm;2;8.2;
787;260676361;;;;Uczelnia;;;1;;1980;Nowożytność;2;25.1;
788;260676026;;;;Uczelnia;;;1;;1980;Nowożytność;2;18.2;
789;260676092;;;;Uczelnia;;;1;;1980;Nowożytność;2;25.0;
790;166016909;;;;Garaż;;;1;;1980;Nowożytność;2;17.9;
791;126106131;Antoniego Abrahama;37;;Biedronka;;Biedronka;2;;1980;Nowożytność;2;20.3;
792;201757584;;;;Szkoła Wyższa;;Szkoła Wyższa;5;;1980;Nowożytność;2;27.3;
793;260675986;;;;Kościół;;Kościół;6;;1960;Modernizm;2;63.1;
794;126343953;;;;Uczelnia;;Uczelnia;3;;1980;Nowożytność;2;26.1;
795;399194270;;;;Przychodnia;;;1;;1980;Nowożytność;2;33.9;
796;260676312;;;;Pustka;;Uczelnia;2;;1980;Nowożytność;2;26.1;
797;260676192;;;;;;;;;;;;12.2;
798;126171439;Świętojańska;36;;;;;;;;;;32.4;
799;125988092;Armii Krajowej;44;;Przychodnia;;Przychodnia;6;;1980;Nowożytność;2;34.9;
800;265385595;;;;Szkoła Żeglarska;;;1;;2000;Nowożytność;2;6.2;
801;126326096;Armii Krajowej;26;Użyteczność publiczna;Sanktuarium;;Sanktuarium;2;;1980;Postmodernizm;3;19.2;
802;260676047;;;;;;;;;;;;28.4;
803;1354786288;;;;Nieużytek;;;2;;1950;Modernizm;1;9.7;
804;1354786287;;;;Nieużytek;;;2;;1950;Modernizm;1;9.7;
805;167832079;Aleja Jana Pawła II;9;;Restauracja;;;1;;2000;Nowożytność;2;7.8;
806;126340877;Antoniego Abrahama;39;;Kawiarnia;;Mieszkaniowa Wielorodzinna;6;;1930;modernizm;2;32.0;
807;168341482;;;;Szkoła Żeglarska;;;1;;2000;Nowożytność;2;6.7;
808;1410735010;;;;Szkoła Żeglarska;;;1;;2000;Nowożytność;2;6.0;
809;126343917;Armii Krajowej;38-42;;Usługi Medyczne,Fryzjer;;Mieszkaniowa Wielorodzinna;6;;1930;Klasycyzm;2;33.4;
810;260800795;;;;Pustka;;Mieszkaniowa Wielorodzinna;5;;1980;Nowożytność;2;31.4;
811;126171440;Świętojańska;38;;;;;6;;;;;32.6;
812;260675861;;;;Restauracja;;Hotel;6;;1920;Klasycyzm;3;33.7;
813;126106136;3 Maja;36;;Mieszkaniowa Wielorodzinna;;Mieszkaniowa Wielorodzinna;11;;1980;Nowożytność;3;49.5;
814;205304481;;;;;;;;;;;;14.3;
815;49869952;Armii Krajowej;22;;Hotel;;Hotel;13;;2000;Nowożytność;3;48.5;
816;205304477;;;;;;;;;;;;15.0;
817;1355047259;;;;;;;;;;;;20.0;
818;260676246;;;;;;;;;;;;23.6;
819;126326097;Świętojańska;29;Użyteczność publiczna;Kościół;;;1;;1930;Klasycyzm;3;29.4;
820;260676222;;;;;;;;;;;;23.7;
821;260676167;;;;;;;;;;;;23.6;
822;125910035;Świętojańska;40;;;;;4;;;;;27.2;
823;260676298;;;;;;;;;;;;12.2;
824;260676324;;;;;;;;;;;;11.5;
825;260676215;;;;;;;;;;;;19.5;
826;260676062;;;;;;;;;;;;13.8;
827;260676031;;;;;;;;;;;;19.6;
828;939355859;;;;Stacja Paliw;;;1;;2000;Nowożytność;3;4.6;
829;126340876;Antoniego Abrahama;41;;Kawiarnia,Restauracja,GSM,Handel Medyczny,Handel Vape;;Mieszkaniowa Wielorodzinna;6;;1930;Modernizm;3;31.5;
830;166016907;Armii Krajowej;35;;Centrum Medyczne Rehabilitacja;;;1;;1980;Nowożytność;2;20.7;
831;260676009;Armii Krajowej;26;;Przedszkole;;Przedszkole;3;;1930;Klasycyzm;3;21.1;
832;168341483;;;;Szkoła Żeglarska;;;1;;2000;Nowożytność;2;6.2;
833;126116367;Armii Krajowej;35;;Mieszkaniowa Wielorodzinna;;Mieszkaniowa Wielorodzinna;6;;1950;Modernizm;3;33.9;
834;126343923;Armii Krajowej;33;;Mieszkaniowa Wielorodzinna;;Mieszkaniowa Wielorodzinna;6;;1950;Modernizm;3;33.8;
835;126171452;Armii Krajowej;32;;Pustka;;Mieszkaniowa Wielorodzinna;5;;1930;Modernizm;3;32.2;
836;126326099;Armii Krajowej;30;;Żabka;;Uczelnia;6;;1930;Modernizm;2;35.2;
837;126343922;Armii Krajowej;31;;Mieszkaniowa Wielorodzinna;;Mieszkaniowa Wielorodzinna;6;;1950;Modernizm;3;34.2;
838;205276951;;;;Garaż;;;1;;1980;Nowożytność;3;11.2;
839;126343919;Armii Krajowej;29;;Mieszkaniowa Wielorodzinna;;Mieszkaniowa Wielorodzinna;6;;1950;Modernizm;3;33.9;
840;126326098;Armii Krajowej;28;;Starbucks,Handel Ubrania;;Notariusz,Mieszkaniowa Wielorodzinna;6;;1930;Modernizm;2;33.1;
841;167832076;;;;Restauracja;;;1;;2000;Nowożytność;2;7.7;
842;126117736;Armii Krajowej;26;;Księgarnia;;Szkoła Parafialna;5;;1950;Modernizm;2;27.9;
843;260675982;;;;Szkoła Parafialna;;;1;;1930;Klasycyzm;2;23.4;
844;260675863;Armii Krajowej;26;;Księgarnia;;Szkoła Parafialna;5;;1950;Modernizm;2;27.6;
845;260676008;Armii Krajowej;26;;Szkoła Parafialna;;Szkoła Parafialna;5;;1930;Klasycyzm;2;24.0;
846;667867704;Armii Krajowej;27;;????????;;????????;1;;2020;Nowożytność;3;37.6;
847;166409759;;;;Kawiarnia;;;1;;2000;Nowożytność;2;4.6;
848;126117735;Armii Krajowej;24;;Urząd Miasta,Biurowa;;Biurowa;7;;1930;Art. Deco;3;34.2;
849;126106137;3 Maja;38;;Mieszkaniowa Wielorodzinna;;Mieszkaniowa Wielorodzinna;11;;1980;Nowożytność;3;50.4;
850;260676266;;;;Szkoła Parafialna;;Szkoła Parafialna;3;;1930;Klasycyzm;2;11.3;
851;227135328;;;;Pustka;;Mieszkaniowa Wielorodzinna;5;;1950;Modernizm;;30.5;
852;126340028;Armii Krajowej;25;;Optyk;;Mieszkaniowa Wielorodzinna;6;;1950;Modernizm;3;32.6;
853;126326100;Armii Krajowej;23;;Usługi Komis;;Mieszkaniowa Wielorodzinna;6;;1950;Modernizm;2;31.3;
854;126340027;Armii Krajowej;25A;;Optyk;;Mieszkaniowa Wielorodzinna;6;;1950;Modernizm;3;32.7;
855;126106128;Armii Krajowej;25B;;Optyk;;Mieszkaniowa Wielorodzinna;6;;1950;Modernizm;3;32.4;
856;126326101;Armii Krajowej;21;;Restauracja,Jubiler;;Mieszkaniowa Wielorodzinna;6;;1930;Modernizm;3;32.6;
857;260676223;;;;;;;;;;;;31.5;
858;260676191;;;;;;;;;;;;28.0;
859;260676187;;;;;;;;;;;;31.5;
860;260676042;;;;;;;;;;;;28.0;
861;260676247;;;;;;;;;;;;31.5;
862;260676226;;;;;;;;;;;;30.0;
863;205231762;;;;Techniczne;;;1;;1980;Nowożytność;1;15.1;
864;260676173;;;;;;;;;;;;28.8;
865;260676325;;;;;;;;;;;;30.9;
866;126171447;Świętojańska;44;;Handel Ubrania,Lodziarnia,Usługi Zdrowotne;;Biurowa;6;;1930;Modernizm;3;32.8;
867;126171453;Armii Krajowej;13;;;;;;;;;;31.2;
868;441181427;3 Maja;37;;Mieszkaniowa Wielorodzinna;;Mieszkaniowa Wielorodzinna;6;;1950;Modernizm;2;36.1;
869;260676395;;;;;;;;;;;;29.9;
870;126326103;Armii Krajowej;11;;;;;;;;;;31.5;
871;126340024;Antoniego Abrahama;36;;Handel Nieruchomości,Usługi Komis;;;;;;;;33.7;
872;260676233;;;;;;;;;;;;28.7;
873;260676196;;;;;;;;;;;;28.8;
874;126117737;Świętojańska;33;;;;;;;;;;31.4;
875;126326102;Armii Krajowej;9;;;;;;;;;;31.0;
876;890302407;Obrońców Wybrzeża;8;;Centrum Medyczne Chirurgia,Pilates;;Mieszkaniowa Wielorodzinna;9;;2020;Nowożytność;3;43.7;
877;260676015;;;;;;;;;;;;28.7;
878;126106129;Antoniego Abrahama;45;;;;;;;;;;31.9;
879;355444055;;;;Pustka;;Kino;;;2020;Nowożytność;3;21.3;
880;260800670;;;;;;;;;;;;31.2;
881;126340021;Antoniego Abrahama;38;;Nieużytek;;Mieszkaniowa Wielorodzinna;6;;1950;Modernizm;2;33.7;
882;205231774;;;;;;;;;;;;13.3;
883;205231742;;;;;;;;;;;;27.8;
884;166410217;;;;Klub Jachtowy;;Klub Jachtowy;2;;1980;Nowożytność;2;8.7;
885;260676193;;;;;;;;;;;;28.6;
886;126171446;Świętojańska;46;;Żabka,Restauracja;;Biurowa;6;;1930;Modernizm;2;30.4;
887;260800801;;;;;;;;;;;;31.2;
888;205231781;;;;;;;;;;;;13.0;
889;260676156;;;;;;;;;;;;28.1;
890;260675979;;;;;;;;;;;;12.5;
891;260675990;;;;;;;;;;;;12.8;
892;126326109;Plac Grunwaldzki;16;;;;;;;;;;30.9;
893;260676033;;;;;;;;;;;;30.3;
894;126171639;Świętojańska;37;;;;;;;;;;32.5;
895;126340019;Antoniego Abrahama;40;;Fryzjer,Restauracja;;Mieszkaniowa Wielorodzinna;6;;1950;Modernizm;2;33.6;
896;126171445;Świętojańska;48;;Restauracja,Nieużytek;;Mieszkaniowa Wielorodzinna;5;;1930;Modernizm;3;31.8;
897;199472841;;;;Garaż;;;1;;1980;Nowożytność;2;17.7;
898;205231778;;;;;;;;;;;;14.1;
899;333420869;Plac Grunwaldzki;2;Podziemie Restauracja;Galeria Sztuki;;Kino;3;;2020;Nowożytność;3;21.4;
900;890302404;Władysława IV;42;;Kawiarnia,Restauracja,Bank,Aldi,Żabka,Handel Meble;;Mieszkaniowa Wielorodzinna;7;;2020;Nowożytność;3;37.5;
901;126340010;Antoniego Abrahama;49;;Usługi Masażu;;Mieszkaniowa Wielorodzinna;6;;1940;Modernizm;2;32.8;
902;205231776;;;;;;;;;;;;13.5;
903;126326108;Plac Grunwaldzki;18;;;;;;;;;;28.2;
904;205231790;;;;;;;;;;;;13.7;
905;126340017;Antoniego Abrahama;42;;Usługi Taniec;;Mieszkaniowa Wielorodzinna;;;;;;33.6;
906;126171638;Świętojańska;39;;Handlowa Odzież,Nieużytek;;Mieszkaniowa Wielorodzinna;6;;1930;Modernizm;3;33.2;
907;126171444;Świętojańska;50;;Nieużytek;;Mieszkaniowa Wielorodzinna;5;;1930;Modernizm;1;32.0;
908;260800692;;;;Nieużytek;;;1;;1930;Modernizm;1;15.2;
909;126171454;Józefa Wybickiego;3;;Restauracja,Dentysta;;Mieszkaniowa Wielorodzinna;6;;1950;Modernizm;2;31.9;
910;260800944;Antoniego Abrahama;49;;Solarium,Pole Dance;;Mieszkaniowa Wielorodzinna;6;;1950;Modernizm;2;33.4;
911;126340015;Antoniego Abrahama;44;;Optyk,Handel Plastyka;;Mieszkaniowa Wielorodzinna;6;;1950;Modernizm;2;33.8;
912;126326107;Plac Grunwaldzki;20;;Mieszkaniowa Wielorodzinna;;Mieszkaniowa Wielorodzinna;6;;1950;Modernizm;2;29.6;
913;441181429;Obrońców Wybrzeża;;;Centrum Medyczne Estetycznej,Dentysta;;Mieszkaniowa Wielorodzinna;5;;1950;Modernizm;3;34.8;
914;126171443;Świętojańska;52;;Cukiernia,Restauracja,Biuro Podróży;;Mieszkaniowa Wielorodzinna;5;;1930;Modernizm;2;32.0;
915;49869951;Plac Grunwaldzki;1;Użyteczność publiczna;Teatr Muzyczny;;Teatr Muzyczny;5;;1950;Modernizm;3;37.3;zmodernizowany
916;126340013;Antoniego Abrahama;46A;;Bank;;Mieszkaniowa Wielorodzinna;7;;1950;Modernizm;2;37.0;
917;595016182;;;;Lodziarnia;;;1;;2000;Nowożytność;2;6.1;
918;166410680;;;;Restauracja;;;1;;2000;Nowożytność;3;9.8;
919;166414687;;;;Usługi Ratownicze,WC;;;1;;2000;Nowożytność;3;7.4;
920;126340032;Antoniego Abrahama;46;;Bank;;Mieszkaniowa Wielorodzinna;7;;1950;Modernizm;2;37.4;
921;126117739;Świętojańska;41;;Cukiernia,Galeria Sztuki,Usługi Zegarmistrz,Epapierosy;;;6;;1930;Modernizm;3;33.2;
922;260800571;Świętojańska;54;;Handel Ubrania,Jubiler;;Mieszkaniowa Wielorodzinna;6;;1930;Klasycyzm;2;33.7;
923;355444058;;;;Kolejka Górska;;;1;;;;;15.8;
924;1431046090;;;;;;;;;;;;16.9;
925;206328518;;;;Klub Nocny;;Klub Nocny;2;;1920;Klasycyzm;3;17.4;zmodernizowany
926;126340030;Antoniego Abrahama;46B;;Restauracja,Bank;;Mieszkaniowa Wielorodzinna;7;;1950;Modernizm;2;37.4;
927;515933337;Świętojańska;43;Podziemie Rossman;Centrum Medyczne,Fryzjer,Restauracja;;Hotel;6;;2020;Nowożytność;3;33.3;
928;595016178;;;;Techniczne;;;1;;2000;Nowożytność;3;6.7;
929;167832197;;;Gastronomia;Lodziarnia;;;1;;2000;Nowożytność;3;7.3;?
930;226106475;;;;Pustka;;Mieszkaniowa Wielorodzinna;5;;1950;Modernizm;2;34.7;
931;126106130;Antoniego Abrahama;51;;Delikatesy;;Mieszkaniowa Wielorodzinna;6;;1950;Modernizm;2;34.4;
932;126340009;Antoniego Abrahama;51B;;Żabka;;Mieszkaniowa Wielorodzinna;6;;1950;Modernizm;2;34.3;
933;126171442;Świętojańska;56;;Usługi Medyczne,Kiosk,Jubiler,Kawiarnia;;Mieszkaniowa Wielorodzinna;6;;1930;Modernizm;2;35.2;
934;126340008;Antoniego Abrahama;51A;;Dentysta;;Mieszkaniowa Wielorodzinna;6;;1950;Modernizm;2;34.3;
935;205231755;;;;Techniczne;;;1;;1980;Nowożytność;2;31.0;
936;183360059;;;;Techniczne;;;1;;2000;Nowożytność;3;10.1;
937;183360062;;;;Garaż;;;1;;1980;Nowożytność;2;10.0;
938;183360061;;;;Garaż;;;1;;1980;Nowożytność;2;10.5;
939;183360060;;;;Garaż;;;1;;1980;Nowożytność;2;9.6;
940;126340852;;;;Dentysta,Laboratorium Medyczne,Złotnik,Usługi Media;;Mieszkaniowa Wielorodzinna;6;;1950;Modernizm;2;36.2;
941;126116361;Antoniego Abrahama;48B;;Handel Plastyczny;;Mieszkaniowa Wielorodzinna;6;;1950;Modernizm;2;34.7;
942;126106124;Antoniego Abrahama;48A;;Handel Plastyczny,Bank;;Mieszkaniowa Wielorodzinna;6;;1950;Modernizm;2;36.0;
943;126340861;Antoniego Abrahama;48C;;Sklep Spożywczy,Apteka Gemini;;Mieszkaniowa Wielorodzinna;6;;1950;Modernizm;2;34.7;
944;515933335;Świętojańska;45;Podziemie Lidl;Sklep Papierniczy,Cukiernia,Optyk;;Mieszkaniowa Wielorodzinna;6;;2020;Nowożytność;3;34.8;
945;126106125;Obrońców Wybrzeża;3;;Mieszkaniowa Wielorodzinna;;Mieszkaniowa Wielorodzinna;6;;1950;Modernizm;3;34.5;
946;205231786;Obrońców Wybrzeża;1;;Restauracja;;;1;;1980;Nowożytność;2;17.4;
947;126340856;Obrońców Wybrzeża;1;;Przychodnia Lekarska;;Mieszkaniowa Wielorodzinna;6;;1950;Modernizm;2;34.4;
948;421766942;Obrońców Wybrzeża;13;;Mieszkaniowa Wielorodzinna;;Mieszkaniowa Wielorodzinna;5;;1950;Modernizm;2;33.1;
949;260800640;;;;;;;;;;;;31.1;
950;126171448;Świętojańska;60;;;;;;;;;;33.9;
951;126261963;Antoniego Abrahama;50;;Handel Kultura;;Mieszkaniowa Wielorodzinna;6;;1950;Modernizm;3;35.4;
952;260800651;;;;;;;;;;;;30.6;
953;126171641;Świętojańska;47;;;;;;;;;;35.7;
954;206371357;;;;Garaż;;;1;;1980;Nowożytność;2;18.3;
955;260800663;;;;;;;;;;;;18.9;
956;260800968;;;;Mieszkaniowa Jednorodzinna;;Mieszkaniowa Jednorodzinna;1;;1980;Nowożytność;2;17.4;
957;126106126;Antoniego Abrahama;55;;MOPS;;MOPS;2;;1950;Modernizm;1;23.0;
958;126261962;Antoniego Abrahama;52;;Handel Kultura;;Mieszkaniowa Wielorodzinna;6;;1950;Modernizm;3;35.5;
959;126261950;Władysława IV;46;;Piekarnia,Żabka,Handel Medyczny,Centrum Medycyny naturalnej,Solarium,Handel Rowery,Skarbiec,Handel meble;;Mieszkaniowa Wielorodzinna;6;;1950;Modernizm;2;36.9;
960;222918079;;;;Techniczne;;;1;;1980;Nowożytność;2;19.3;
961;126340006;Antoniego Abrahama;55A;;Garaż;;;1;;1980;Nowożytność;2;17.5;
962;126171449;Świętojańska;62;;;;;;;;;;33.6;
963;126171642;Świętojańska;49;;;;;;;;;;34.6;
964;205231791;;;;;;;;;;;;31.8;
965;222918081;;;;Garaż;;;1;;1980;Nowożytność;2;19.5;
966;260800815;;;;Techniczne;;;1;;1980;Nowożytność;2;17.2;
967;126261961;Antoniego Abrahama;54;;Restauracja,Galeria Sztuki;;Mieszkaniowa Wielorodzinna;6;;1950;Modernizm;3;35.8;
968;260800838;;;;;;;;;;;;28.6;
969;126340007;Antoniego Abrahama;57;;Centrum Medyczne KLINIKA;;Centrum Medyczne KLINIKA;2;;1950;Modernizm;2;24.0;
970;126171643;Świętojańska;51;;;;;;;;;;34.7;
971;205231777;;;;;;;;;;;;16.2;
972;222918080;;;;Garaż;;;1;;1980;Nowożytność;1;20.4;
973;206371358;;;;Garaż;;;1;;1980;Nowożytność;2;18.3;
974;126171450;Świętojańska;64;;;;;6;;;;;37.5;
975;205231757;;;;Garaż;;;1;;1980;Nowożytność;2;17.3;
976;126261960;Antoniego Abrahama;56;;Restauracja;;Mieszkaniowa Wielorodzinna;6;;1950;Modernizm;2;35.9;
977;126106139;Franciszka Żwirki i Stanisława Wigury;14;;Pogotowie ;;Centrum Medyczne;3;;1950;Modernizm;2;29.3;
978;205231736;;;;;;;;;;;;35.0;
979;126261949;Władysława IV;48;;Centrum Medyczne,Handel;;Mieszkaniowa Wielorodzinna;6;;1950;Modernizm;2;36.5;
980;126171451;Świętojańska;66;;;;;;;;;;37.8;
981;205231771;;;;;;;;;;;;17.4;
982;126261959;Antoniego Abrahama;58;;Bar Mleczny;;Mieszkaniowa Wielorodzinna;6;;1950;Modernizm;3;36.8;
983;125988085;Świętojańska;53;;;;;;;;;;34.0;
984;205231783;;;;;;;;;;;;18.4;
985;126337111;Antoniego Abrahama;60;;Biblioteka;;Mieszkaniowa Wielorodzinna;6;;1950;Modernizm;3;36.7;
986;205231749;;;;;;;;;;;;37.2;
987;205231738;;;;;;;;;;;;36.3;
988;126106127;Franciszka Żwirki i Stanisława Wigury;8A;;Sklep Monopolowy,Handel Ubrania,Handel Chemia,Drukarnia,Fryzjer,Hazard;;Mieszkaniowa Wielorodzinna;5;;1950;Modernizm;2;36.3;
989;125910038;Świętojańska;68;;Empik;;Mieszkaniowa Wielorodzinna;6;;1930;Modernizm;2;37.9;
990;205231737;;;;;;;;;;;;18.8;
991;126337110;Franciszka Żwirki i Stanisława Wigury;6;;Empik;;Mieszkaniowa Wielorodzinna;6;;1930;Modernizm;2;40.9;
992;260800706;;;;;;;;;;;;18.7;
993;260800927;;;;;;;;;;;;34.4;
994;260800501;Świętojańska;55;;;;;;;;;;36.1;
995;260800721;;;;;;;;;;;;24.9;
996;205231751;;;;;;;;;;;;18.8;
997;126337108;Franciszka Żwirki i Stanisława Wigury;2A;;;;;;;;;;43.6;
998;126337109;Franciszka Żwirki i Stanisława Wigury;2;;;;;;;;;;39.4;
999;126106123;Antoniego Abrahama;62;;;;;;;;;;42.9;
1000;1422428082;;;;Wejście do tunelu;;;1;;1980;Nowożytność;1;23.0;
1001;126337106;Franciszka Żwirki i Stanisława Wigury;9;;;;;;;;;;35.6;
1002;260621009;Władysława IV;50;;Spółdzielnia Mieszkaniowa;;;1;;1980;Nowożytnośc;2;21.2;
1003;260800827;;;;;;;;;;;;39.0;
1004;126337105;Franciszka Żwirki i Stanisława Wigury;7;;;;;;;;;;35.6;
1005;126106122;Antoniego Abrahama;59;;;;;;;;;;34.0;
1006;164467209;Franciszka Żwirki i Stanisława Wigury;15;;Nieużytek;;Nieużytek;3;;1980;Nowożytnośc;1;30.2;
1007;125988086;Antoniego Abrahama;64;;;;;;;;;;38.0;
1008;126171557;Świętojańska;57;;Żabka,Kosmetyczka,Okulista;;Mieszkaniowa Wielorodzinna;6;;1930;Modernizm;3;36.7;
1009;260800955;;;;;;;;;;;;36.0;
1010;126337107;Franciszka Żwirki i Stanisława Wigury;3;;Kosmetyczka, Centrum Medyczne;;Mieszkaniowa Wielorodzinna;6;;1930;Modernizm;2;36.9;
1011;125988087;Władysława IV;50;;Centrum Medyczne,Apteka;;Mieszkaniowa Wielorodzinna;10;;1980;Nowożytnośc;2;48.8;
1012;205231752;;;;;;;;;;;;33.3;
1013;126337104;Franciszka Żwirki i Stanisława Wigury;1;;Mieszkaniowa Wielorodzinna;;Mieszkaniowa Wielorodzinna;5;;1950;Modernizm;2;35.6;
1014;126171651;Świętojańska;72;;;;;;;;;;33.0;
1015;126261956;Antoniego Abrahama;66;;;;;;;;;;37.8;
1016;126171645;Świętojańska;59;;Handel Odzież,Fryzjer,Bar;;Mieszkaniowa Wielorodzinna;6;;1930;Artdeco;2;36.2;
1017;260676319;;;;Garaż;;;1;;1980;Nowożytnośc;2;20.8;
1018;205231747;;;;Garaż;;;1;;1980;Nowożytnośc;2;19.3;
1019;954605690;;;;;;;;;;;;20.4;
1020;170778133;Antoniego Abrahama;61;;;;;;;;;;35.1;
1021;205231772;;;;;;;;;;;;26.3;
1022;126171652;Świętojańska;74;;;;;;;;;;38.1;
1023;260800545;;;;;;;;;;;;20.7;
1024;126261955;Antoniego Abrahama;68;;;;;;;;;;37.8;
1025;125988084;Juliusza Słowackiego;28;;Mieszkaniowa Wielorodzinna;;Mieszkaniowa Wielorodzinna;4;;1930;Modernizm;1;34.0;
1026;260800530;;;;;;;;;;;;20.5;
1027;260800519;Świętojańska;61;;Nieużytek,Restauracja;;Mieszkaniowa Wielorodzinna;6;;1930;Modernizm;3;36.9;
1028;205231756;;;;Garaż;;;1;;1980;Nowożytnośc;2;22.0;
1029;260676358;;;;Garaż;;;1;;1980;Nowożytnośc;2;21.5;
1030;260676332;Władysława IV;50;;Mieszkaniowa Wielorodzinna;;Mieszkaniowa Wielorodzinna;10;;1980;Nowożytnośc;2;48.6;
1031;954605689;;;;;;;;;;;;20.1;
1032;260800943;Świętojańska;76;;;;;;;;;;37.7;
1033;126261954;Antoniego Abrahama;70;;;;;;;;;;37.9;
1034;126325524;Juliusza Słowackiego;30;;Mieszkaniowa Wielorodzinna;;Mieszkaniowa Wielorodzinna;4;;1950;Modernizm;2;34.2;
1035;260676188;;;;Garaż;;;1;;1980;Nowożytnośc;2;21.3;
1036;126171647;Świętojańska;63;;Krawiec,Kosmetyczka,Fryzjer,Pub;;Mieszkaniowa Wielorodzinna;6;;1930;Modernizm;3;37.2;
1037;126171653;Świętojańska;78;;;;;;;;;;39.7;
1038;126325523;Juliusza Słowackiego;32;;Mieszkaniowa Wielorodzinna;;Mieszkaniowa Wielorodzinna;4;;1950;Modernizm;2;35.5;
1039;260800532;;;;;;;;;;;;21.8;
1040;205231787;;;;;;;;;;;;22.2;
1041;126261952;;;;;;;6;;;;;38.8;
1042;126171649;Świętojańska;65;;Cukiernia,Kosmetyczka,Pizzeria,Szklarz;;Mieszkaniowa Wielorodzinna;5;;1930;Klasycyzm;2;34.6;
1043;205231763;;;;;;;;;;;;22.3;
1044;183271690;Antoniego Abrahama;72;;;;;6;;;;;39.4;
1045;126106121;Jana Kilińskiego;14C;;;;;;;;;;38.6;
1046;126106140;Władysława IV;52;;Przedszkole;;;1;;1980;Nowożytnośc;3;25.0;
1047;205231739;;;;;;;;;;;;23.0;
1048;126171686;Świętojańska;78a;;;;;;;;;;39.6;
1049;126336948;Jana Kilińskiego;14B;;;;;;;;;;38.6;
1050;205231765;;;;;;;;;;;;23.0;
1051;126325522;Juliusza Słowackiego;34;;Mieszkaniowa Wielorodzinna;;Mieszkaniowa Wielorodzinna;4;;1950;Modernizm;2;35.5;
1052;126336947;Jana Kilińskiego;14A;;;;;;;;;;39.0;
1053;125961571;Świętojańska;67;;Hostel;;Hostel;6;;1950;Modernizm;2;37.5;
1054;126336943;Jana Kilińskiego;12;;;;;;;;;;39.4;
1055;205231769;;;;;;;;;;;;22.5;
1056;205231735;;;;Handlowa;;;1;;1950;Modernizm;2;32.3;
1057;205231773;;;;;;;;;;;;22.3;
1058;260800810;;;;;;;;;;;;37.1;
1059;260800626;;;;;;;;;;;;37.3;
1060;126106120;Jana Kilińskiego;10;;Centrum Medyczne,Restauracja,Fryzjer;;Mieszkaniowa Wielorodzinna;6;;1950;Modernizm;2;37.7;
1061;406596576;Jana Kilińskiego;2;;Mieszkaniowa Wielorodzinna;;Mieszkaniowa Wielorodzinna;4;;1950;Modernizm;3;36.9;
1062;126336955;Jana Kilińskiego;8;;Warzywniak,Handel Odzież;;Mieszkaniowa Wielorodzinna;5;;1950;Modernizm;2;36.3;
1063;126106143;Antoniego Abrahama;74;;;;;;;;;;39.8;
1064;126336954;Jana Kilińskiego;6;;Przedszkole;;Mieszkaniowa Wielorodzinna;5;;1950;Modernizm;2;36.7;
1065;126336952;Jana Kilińskiego;4;;Mieszkaniowa Wielorodzinna;;Mieszkaniowa Wielorodzinna;4;;1950;Modernizm;3;36.5;
1066;126336944;Jana Kilińskiego;13;;;;;;;;;;38.9;
1067;260676105;;;;;;;;;;;;37.6;
1068;260676034;;;;;;;;;;;;37.7;
1069;260676181;;;;;;;;;;;;37.6;
1070;126336945;Jana Kilińskiego;9;;;;;;;;;;38.3;
1071;260676164;;;;;;;;;;;;36.7;
1072;260676225;;;;;;;;;;;;36.7;
1073;205166106;;;;;;;;;;;;36.6;
1074;126261971;;;;;;;;;;;;39.9;
1075;126336950;Jana Kilińskiego;7;;Mieszkaniowa Wielorodzinna;;Mieszkaniowa Wielorodzinna;5;;1950;Modernizm;2;36.8;
1076;125910046;Świętojańska;69;;;;;;;;;;37.5;
1077;260676024;;;;;;;;;;;;36.7;
1078;125910043;Świętojańska;82;;;;;;;;;;38.6;
1079;205231753;;;;;;;;;;;;21.2;
1080;260676221;;;;;;;;;;;;36.7;
1081;260676373;;;;;;;;;;;;35.4;
1082;260676039;;;;;;;;;;;;36.5;
1083;205231785;;;;;;;;;;;;33.2;
1084;260676045;;;;;;;;;;;;36.6;
1085;260676387;;;;;;;;;;;;22.2;
1086;126171788;Świętojańska;71;;;;;;;;;;39.9;
1087;205231792;;;;;;;;;;;;37.6;
1088;126171777;Świętojańska;84;;;;;;;;;;39.4;
1089;126173591;Generała Józefa Bema;4;;Mieszkaniowa Wielorodzinna;;Mieszkaniowa Wielorodzinna;4;;1950;Modernizm;3;38.5;
1090;260676403;;;;;;;;;;;;32.8;
1091;126336942;Antoniego Abrahama;71;;;;;;;;;;43.5;
1092;205166103;;;;;;;;;;;;20.8;
1093;126171787;Świętojańska;73;;;;;;;;;;40.1;
1094;205231794;;;;;;;;;;;;40.1;
1095;126173590;Generała Józefa Bema;6;;Handel Nieruchomości;;Mieszkaniowa Wielorodzinna;5;;1950;Modernizm;2;36.8;
1096;126171776;Świętojańska;86;;;;;;;;;;39.2;
1097;126106146;Antoniego Abrahama;73;;;;;;;;;;38.4;
1098;260676095;;;;;;;;;;;;36.8;
1099;126106142;Władysława IV;54;;Liceum;;Liceum;2;;1950;Modernizm;3;33.9;
1100;205231764;;;;;;;;;;;;22.1;
1101;260675997;Świętojańska;75;;;;;;;;;;40.4;
1102;126171775;Świętojańska;88;;;;;;;;;;40.6;
1103;126261969;;;;;;;5;;;;;41.4;
1104;260676248;;;;;;;;;;;;37.0;
1105;126106118;Generała Józefa Bema;8;;Mieszkaniowa Wielorodzinna;;Mieszkaniowa Wielorodzinna;5;;1950;Modernizm;3;39.5;
1106;260676021;;;;;;;;;;;;37.0;
1107;126336938;Antoniego Abrahama;75;;;;;;;;;;22.4;
1108;260676336;;;;;;;;;;;;37.0;
1109;260676337;;;;;;;;;;;;37.2;
1110;205231775;;;;;;;;;;;;22.9;
1111;126171786;Świętojańska;77;;;;;;;;;;40.3;
1112;260676058;;;;;;;;;;;;37.0;
1113;126171774;Świętojańska;90;;;;;;;;;;40.1;
1114;260676200;;;;;;;;;;;;37.0;
1115;126173594;Generała Józefa Bema;10;;Usługi Kosmetyczne,Usługi Psycholog;;Mieszkaniowa Wielorodzinna;5;;1950;Modernizm;2;37.8;
1116;260676239;;;;;;;;;;;;37.2;
1117;260676103;;;;;;;;;;;;37.2;
1118;260676289;;;;;;;;;;;;37.2;
1119;126171785;Świętojańska;79;;;;;;;;;;41.0;
1120;260676229;;;;;;;;;;;;37.2;
1121;126173593;Generała Józefa Bema;12;;Nieużytek,Handel Muzyczny;;Mieszkaniowa Wielorodzinna;5;;1950;Modernizm;1;37.4;
1122;260676109;;;;;;;;;;;;36.1;
1123;126171771;Świętojańska;92-94;;;;;;;;;;42.4;
1124;260676068;;;;;;;;;;;;37.1;
1125;260676074;;;;;;;;;;;;48.3;
1126;126171784;Świętojańska;81;;;;;;;;;;37.8;
1127;260676113;;;;;;;;;;;;25.7;
1128;205166094;;;;;;;;;;;;38.9;
1129;126173592;Generała Józefa Bema;14;;Mieszkaniowa Wielorodzinna;;Mieszkaniowa Wielorodzinna;5;;1950;Modernizm;2;37.7;
1130;126336940;Władysława IV;43;;;;;8;;;;;49.0;
1131;260676407;;;;;;;;;;;;21.6;
1132;260675981;;;;;;;;;;;;40.0;
1133;260675999;Świętojańska;83;;;;;;;;;;40.3;
1134;260676417;;;;;;;;;;;;21.5;
1135;260676267;;;;;;;;;;;;38.3;
1136;260676383;;;;;;;;;;;;38.4;
1137;260676414;;;;Techniczne;;;1;;1980;Nowożytność;2;25.4;
1138;260676276;;;;;;;;;;;;38.2;
1139;126171770;Świętojańska;96;;;;;;;;;;43.9;
1140;260675932;;;;;;;;;;;;38.2;
1141;260676413;;;;;;;;;;;;21.7;
1142;205166095;Świętojańska;83A;Gastronomia;restaurant;;;;;;;;38.8;
1143;126171783;Świętojańska;83a;;;;;;;;;;40.1;
1144;126336939;Antoniego Abrahama;83;;;;;;;;;;41.1;
1145;260676382;;;;;;;;;;;;24.5;
1146;1258441205;;;;;;;;;;;;34.0;
1147;126171769;Świętojańska;98;;;;;;;;;;43.2;
1148;126171782;Świętojańska;85;;;;;;;;;;38.6;
1149;260676050;;;;;;;;;;;;25.2;
1150;205231795;;;;Przedszkole;;;1;;1980;Nowożytność;2;41.1;
1151;126261965;Władysława IV;56;;Przedszkole;;Przedszkole;2;;1950;Modernizm;2;29.9;
1152;126106117;Generała Józefa Bema;16;;Centrum Medyczne;;Mieszkaniowa Wielorodzinna;5;;1950;Modernizm;2;38.3;
1153;205231770;;;;;;;;;;;;26.6;
1154;260676228;;;;;;;;;;;;39.6;
1155;260676241;;;;;;;;;;;;40.7;
1156;126171768;Świętojańska;100;;;;;;;;;;42.9;
1157;260676079;;;;;;;;;;;;39.7;
1158;260676273;Świętojańska;87;;;;;;;;;;39.6;
1159;126106145;Romualda Traugutta;2A;;;;;;;;;;41.4;
1160;260676018;;;;;;;;;;;;39.5;
1161;126173597;Generała Józefa Bema;18;;Fryzjer,Centrum Medyczne;;Mieszkaniowa Wielorodzinna;5;;1950;Modernizm;2;39.5;
1162;260676401;;;;;;;;;;;;25.8;
1163;260675972;;;;;;;;;;;;39.6;
1164;260675987;;;;;;;;;;;;39.9;
1165;126171779;Świętojańska;87;;;;;;;;;;41.2;
1166;260676217;;;;;;;;;;;;39.6;
1167;260676132;;;;;;;;;;;;39.6;
1168;260676214;;;;;;;;;;;;39.5;
1169;260676119;;;;;;;;;;;;39.4;
1170;206566493;;;;Garaż;;;1;;1980;Nowożytność;2;26.7;
1171;126173595;Generała Józefa Bema;20;;Mieszkaniowa Wielorodzinna;;Mieszkaniowa Wielorodzinna;5;;1950;Modernizm;1;39.8;
1172;126325417;Żołnierzy I Armii Wojska Polskiego;1;;Fryzjer,Restauracja;;Mieszkaniowa Wielorodzinna;6;;1950;Modernizm;3;41.8;
1173;260676162;;;;;;;;;;;;41.0;
1174;126325518;Żołnierzy I Armii Wojska Polskiego;1A;;Cukiernia;;;1;;1980;Nowożytność;2;37.8;
1175;260676032;;;;;;;;;;;;39.1;
1176;206566485;Romualda Traugutta;9;Użyteczność publiczna;Przychodnia;;Przychodnia;3;;1980;Nowożytność;2;34.0;
1177;260676007;Świętojańska;104;;;;;;;;;;44.4;
1178;125910053;Władysława IV;47;;;;;;;;;;41.2;
1179;260676375;;;;;;;;;;;;40.0;
1180;260676180;;;;;;;;;;;;36.7;
1181;260676197;;;;;;;;;;;;40.6;
1182;260676203;;;;;;;;;;;;42.1;
1183;260676235;;;;;;;;;;;;42.9;
1184;260676245;;;;;;;;;;;;42.1;
1185;125910051;Świętojańska;89;;Nieużytek,Restauracja,Handel Medyczny;;Mieszkaniowa Wielorodzinna;6;;1950;Modernizm;2;42.7;
1186;126325416;Żołnierzy I Armii Wojska Polskiego;4;;Centrum Medyczne;;Mieszkaniowa Wielorodzinna;7;;1950;Modernizm;2;45.7;
1187;260676321;;;;;;;;;;;;24.8;
1188;125910052;Świętojańska;104A;;;;;;;;;;44.5;
1189;260676351;;;;;;;;;;;;40.4;
1190;260676343;;;;;;;;;;;;41.3;
1191;260676338;;;;;;;;;;;;40.6;
1192;260676175;;;;;;;;;;;;42.9;
1193;205167462;;;;;;;;;;;;25.0;
1194;126106144;Władysława IV;58;;Liceum;;Liczuem;3;;1950;Modernizm;3;34.9;
1195;260676137;;;;Techniczne;;;1;;1980;Nowożytność;1;27.8;
1196;126173502;Świętojańska;91;;Usługi Pogrzebowe,Fryzjer;;Mieszkaniowa Wielorodzinna;5;;1950;Modernizm;2;43.9;
1197;126173512;Świętojańska;106;;;;;;;;;;43.5;
1198;125910050;Generała Józefa Bema;22/24;;Biedronka;;;2;;1980;Nowożytność;3;38.4;
1199;126261976;Władysława IV;49;;;;;;;;;;46.6;
1200;126173501;Świętojańska;93;;Nieużytek,Restauracja;;Mieszkaniowa Wielorodzinna;5;;1930;Modernizm;2;43.7;
1201;126173511;Świętojańska;108;;;;;;;;;;44.7;
1202;260676001;Świętojańska;95;;Restauracja;;Mieszkaniowa Wielorodzinna;6;;1930;Modernizm;2;43.6;
1203;126261975;Władysława IV;51;;;;;;;;;;43.4;
1204;126173509;Świętojańska;112-110;;;;;;;;;;50.8;
1205;126173500;Świętojańska;97;;GSM,Handel Ceramika,Bar;;Mieszkaniowa Wielorodzinna;6;;1930;Modernizm;2;43.1;
1206;126180358;Generała Józefa Bema;26;Użyteczność publiczna;Teatr;;Teatr;2;;1960;Modernizm;3;32.0;
1207;126173499;Świętojańska;99;;Restauracja,Usługi Tatuaż;;Mieszkaniowa Wielorodzinna;6;;1930;Modernizm;2;43.6;
1208;260676176;;;;;;;;;;;;26.0;
1209;126261972;Władysława IV;53;;;;;;;;;;48.8;
1210;260676124;;;;;;;;;;;;41.0;
1211;260676130;;;;;;;;;;;;39.9;
1212;126173508;Świętojańska;114;;;;;;;;;;44.9;
1213;260676151;;;;;;;;;;;;41.0;
1214;184220491;;;;;;;;;;;;27.2;
1215;126173498;Świętojańska;101;;;;;;;;;;44.1;
1216;260676131;;;;;;;;;;;;41.0;
1217;260676255;;;;;;;;;;;;43.4;
1218;260676212;;;;;;;;;;;;41.0;
1219;206642061;;;;;;;;;;;;41.7;
1220;184220490;Władysława IV;;;;;;;;;;;27.9;
1221;126173507;Świętojańska;116;;;;;;;;;;44.4;
1222;260675918;Świętojańska;103;;Żabka;;Mieszkaniowa Wielorodzinna;6;;1930;Modernizm;2;44.1;
1223;184220494;Świętojańska;118A;;;;;;;;;;28.2;
1224;184220493;Władysława IV;57;;;;;;;;;;38.6;
1225;184220492;Władysława IV;57A;;;;;;;;;;40.8;
1226;126173497;Świętojańska;105;;Kwiaciarnia,Usługi Podróże,Nieużytek;;Mieszkaniowa Wielorodzinna;6;;1930;Modernizm;2;44.1;
1227;126173506;Świętojańska;118;;;;;;;;;;46.4;
1228;260676172;;;;;;;;;;;;27.3;
1229;205167464;;;;;;;;;;;;27.4;
1230;205167466;;;;;;;;;;;;26.7;
1231;205167467;;;;;;;;;;;;27.3;
1232;125910054;Władysława IV;59;;;;;;;;;;47.1;
1233;126173496;Świętojańska;107;;;;;;;;;;44.7;
1234;126173505;Świętojańska;120;;;;;;;;;;45.0;
1235;260675994;;;;;;;;;;;;47.0;
1236;205167460;;;;;;;;;;;;26.6;
1237;126180359;Władysława IV;61;;;;;;;;;;47.7;
1238;126173503;Świętojańska;122;;;;;;;;;;47.0;
1239;260676369;;;;;;;;;;;;47.2;
1240;206252838;Aleja Marszałka Józefa Piłsudskiego;56;;;;;;;;;;47.1;
1241;125912675;Aleja Marszałka Józefa Piłsudskiego;52/54;Użyteczność publiczna;townhall;;;;;;;;44.1;
